location,area,bedrooms,bathrooms,stories,parking,mainroad,guestroom,basement,airconditioning,prefarea,furnishingstatus,price
Delhi,4951,3,2,1,2,yes,no,no,yes,yes,unfurnished,24763905
Bangalore,3435,1,3,2,1,no,yes,no,yes,yes,unfurnished,14855141
Nashik,4376,4,4,3,2,yes,yes,no,no,yes,semi-furnished,12182057
Bangalore,626,5,1,1,2,no,yes,no,yes,no,furnished,6024047
Bangalore,3677,5,2,3,2,yes,no,no,no,no,semi-furnished,18354346
Pune,3556,2,4,3,2,yes,no,yes,no,yes,furnished,13486111
Nashik,1103,2,2,3,0,yes,yes,yes,yes,yes,furnished,3942972
Nashik,3949,5,4,3,0,yes,no,no,yes,no,unfurnished,11387596
Nashik,4646,5,4,1,1,yes,no,no,yes,yes,semi-furnished,13107941
Bangalore,4033,4,3,1,1,yes,no,yes,no,yes,unfurnished,19306679
Delhi,3867,3,2,1,1,yes,no,no,no,yes,semi-furnished,19846076
Nashik,3868,2,1,3,2,yes,yes,yes,yes,yes,semi-furnished,9666420
Hyderabad,4297,3,3,3,2,no,no,yes,no,no,unfurnished,17453035
Bangalore,2292,4,3,3,0,yes,no,yes,yes,no,semi-furnished,11710770
Pune,3361,5,1,1,0,no,yes,no,yes,yes,semi-furnished,12622947
Delhi,3976,3,3,3,1,yes,yes,no,no,no,furnished,20602999
Hyderabad,3917,5,4,2,0,no,no,no,no,yes,semi-furnished,17773782
Hyderabad,2145,5,4,3,0,yes,no,yes,no,yes,semi-furnished,11603665
Pune,1705,1,2,2,0,yes,yes,yes,no,yes,unfurnished,5979509
Delhi,3530,3,2,3,0,yes,yes,yes,yes,no,unfurnished,18237913
Bangalore,3372,3,1,1,0,no,yes,no,yes,no,semi-furnished,15672094
Mumbai,3572,5,2,3,1,no,no,yes,yes,no,furnished,21227660
Delhi,2354,4,4,2,1,no,no,yes,no,no,furnished,14061422
Pune,4521,1,1,2,0,no,yes,no,yes,no,unfurnished,14687255
Hyderabad,3208,5,1,3,1,yes,no,yes,no,yes,semi-furnished,14323446
Bangalore,4002,2,2,2,2,yes,yes,yes,no,yes,semi-furnished,18390508
Delhi,1832,2,4,2,0,yes,no,no,no,no,furnished,10705447
Mumbai,701,1,1,1,2,no,yes,no,yes,no,furnished,4338021
Mumbai,4007,4,4,3,1,yes,yes,yes,no,no,furnished,23508684
Nashik,4712,5,4,3,1,no,no,no,no,yes,unfurnished,13194480
Nashik,1074,3,4,3,2,no,no,yes,no,no,semi-furnished,4779912
Pune,1036,1,2,2,1,no,no,no,no,yes,unfurnished,3964947
Delhi,2125,4,3,3,0,no,no,yes,no,yes,semi-furnished,12476176
Delhi,2622,3,3,3,2,no,no,no,no,no,unfurnished,14589913
Hyderabad,885,2,1,1,0,yes,no,yes,no,yes,semi-furnished,3941887
Hyderabad,3781,2,4,1,2,no,yes,no,no,yes,furnished,16314969
Hyderabad,974,3,2,1,1,no,no,no,no,no,furnished,5487652
Nashik,917,1,4,2,2,yes,yes,no,no,yes,furnished,3741736
Delhi,4100,2,4,3,2,no,yes,no,no,no,unfurnished,21183537
Delhi,1454,5,2,1,0,no,no,no,no,yes,furnished,9144919
Mumbai,1705,3,3,1,1,yes,yes,no,yes,no,semi-furnished,11454027
Nashik,4620,3,4,1,0,yes,yes,no,yes,no,unfurnished,11580689
Bangalore,2490,2,4,3,1,yes,no,yes,no,yes,semi-furnished,12328484
Nashik,4072,1,3,3,0,no,no,yes,no,no,unfurnished,9077298
Bangalore,4880,5,2,3,2,yes,no,no,no,yes,semi-furnished,22757225
Mumbai,4658,1,1,2,0,yes,yes,no,yes,yes,semi-furnished,24514433
Pune,3213,4,3,2,1,yes,no,yes,yes,no,unfurnished,12472725
Delhi,2703,4,1,1,1,no,no,yes,yes,yes,unfurnished,14440100
Mumbai,3620,2,1,3,2,yes,no,no,no,no,furnished,19409599
Delhi,1466,2,3,1,1,no,no,yes,no,yes,furnished,9070108
Hyderabad,3932,2,4,3,0,no,yes,yes,no,yes,semi-furnished,15545721
Pune,1188,4,1,3,2,yes,no,no,no,no,semi-furnished,6588356
Pune,4743,1,1,3,1,no,yes,no,yes,yes,semi-furnished,15539672
Mumbai,4201,1,2,2,1,no,no,no,no,yes,unfurnished,22154525
Pune,841,2,4,2,0,yes,yes,yes,yes,yes,unfurnished,4494372
Bangalore,2224,5,1,3,0,no,yes,no,yes,yes,furnished,12004118
Pune,4922,1,2,1,2,yes,yes,no,no,yes,semi-furnished,16302208
Delhi,2292,4,4,3,1,no,no,yes,yes,yes,furnished,13745720
Delhi,2259,3,3,3,0,no,yes,no,yes,yes,unfurnished,12522291
Delhi,3712,3,3,1,2,yes,no,yes,yes,yes,unfurnished,19638795
Delhi,1489,3,2,3,1,yes,no,yes,yes,no,unfurnished,8893153
Bangalore,2762,5,3,1,1,no,no,yes,no,yes,furnished,14481869
Nashik,2982,2,1,2,2,no,no,yes,no,yes,unfurnished,7912935
Hyderabad,1451,4,4,2,2,yes,no,yes,yes,no,semi-furnished,8867770
Mumbai,1222,5,1,1,0,no,yes,yes,no,no,furnished,9056052
Delhi,3889,4,1,2,1,no,no,no,yes,no,unfurnished,19661798
Pune,2579,4,3,2,1,no,yes,no,no,yes,furnished,10541222
Delhi,3217,2,1,1,1,no,yes,no,no,no,furnished,15797743
Pune,2832,3,3,2,2,yes,yes,yes,no,no,unfurnished,10908557
Hyderabad,3876,2,4,3,0,yes,yes,no,no,yes,unfurnished,16139192
Hyderabad,2000,5,4,3,1,yes,yes,yes,no,yes,furnished,10942301
Hyderabad,785,5,1,1,2,yes,yes,no,yes,no,furnished,5993234
Pune,3995,5,2,2,1,yes,yes,yes,no,no,unfurnished,15676641
Delhi,2565,2,3,3,0,yes,no,no,yes,yes,semi-furnished,13438909
Hyderabad,1268,4,3,3,1,no,yes,yes,yes,yes,furnished,7763735
Bangalore,3557,4,1,2,0,yes,no,no,no,yes,furnished,17008013
Pune,4789,1,3,2,0,no,yes,yes,yes,yes,semi-furnished,15893549
Pune,2661,5,3,3,1,no,yes,no,no,yes,unfurnished,11965171
Delhi,3793,4,2,3,1,no,yes,yes,yes,no,unfurnished,19631201
Pune,1446,1,2,1,0,yes,yes,no,yes,yes,semi-furnished,5886170
Pune,3835,4,1,1,2,no,no,no,no,yes,unfurnished,14397749
Hyderabad,4650,5,2,3,0,yes,no,no,no,yes,unfurnished,19578060
Delhi,1981,3,1,1,1,no,no,yes,no,yes,furnished,10545378
Hyderabad,2401,5,4,3,1,no,yes,yes,no,yes,furnished,12426931
Hyderabad,3951,2,1,3,2,yes,yes,yes,yes,no,furnished,15577366
Delhi,4564,4,4,1,0,no,yes,yes,no,yes,semi-furnished,23837067
Mumbai,554,4,1,1,0,no,no,yes,yes,no,unfurnished,5234956
Hyderabad,2323,2,3,2,0,no,yes,no,yes,yes,unfurnished,10374432
Bangalore,3962,2,2,2,1,no,no,yes,yes,no,furnished,17744822
Bangalore,3579,3,4,2,0,yes,no,no,yes,no,furnished,17312561
Pune,1332,4,1,3,2,no,yes,no,yes,yes,semi-furnished,6652610
Bangalore,4908,4,2,1,1,no,yes,yes,yes,yes,unfurnished,22129118
Pune,3306,3,1,3,1,yes,no,no,no,yes,semi-furnished,12216028
Mumbai,2990,1,2,1,0,no,no,yes,yes,yes,unfurnished,16139643
Delhi,827,3,2,3,2,no,no,yes,yes,yes,semi-furnished,6258762
Delhi,3810,5,1,2,1,no,yes,yes,yes,no,furnished,19842745
Delhi,3800,4,4,2,1,no,yes,no,no,yes,semi-furnished,20898436
Bangalore,4175,2,4,2,0,yes,yes,yes,no,yes,semi-furnished,18651366
Mumbai,3554,5,3,3,0,no,yes,yes,yes,no,furnished,21058938
Bangalore,2643,4,2,1,2,yes,yes,yes,no,yes,unfurnished,13558649
Bangalore,1811,3,3,1,0,no,yes,no,yes,no,unfurnished,10000634
Mumbai,3691,5,3,2,2,no,no,yes,no,yes,furnished,21829442
Mumbai,3038,4,1,2,1,no,no,no,yes,no,semi-furnished,17867178
Mumbai,4483,1,1,2,2,yes,no,no,no,yes,semi-furnished,24075750
Mumbai,664,1,1,2,2,no,yes,yes,no,no,semi-furnished,4599886
Delhi,4777,2,2,1,2,no,no,no,no,no,unfurnished,23130226
Nashik,1322,4,1,3,1,yes,yes,no,yes,yes,semi-furnished,5202046
Nashik,1443,1,1,3,0,yes,yes,yes,yes,yes,unfurnished,3996636
Mumbai,4925,3,2,3,1,yes,no,yes,yes,yes,semi-furnished,26552309
Nashik,1274,4,2,3,0,yes,yes,yes,no,no,furnished,5338288
Nashik,2698,3,4,2,2,no,no,no,no,no,furnished,8509644
Mumbai,3656,3,1,2,2,no,no,yes,yes,no,unfurnished,20164681
Nashik,4742,1,1,2,2,no,yes,no,no,yes,unfurnished,10738840
Bangalore,4195,4,1,3,2,no,no,no,yes,yes,furnished,19383552
Pune,3952,5,4,2,2,yes,no,no,yes,no,furnished,15765181
Pune,1414,1,1,2,0,no,no,no,yes,yes,semi-furnished,4689278
Mumbai,1808,1,4,1,0,no,no,no,yes,no,furnished,10799119
Delhi,4677,4,3,1,2,no,yes,yes,no,yes,unfurnished,23890063
Mumbai,1013,4,4,2,1,no,no,yes,no,yes,furnished,7983361
Delhi,2420,3,3,1,1,yes,no,no,no,no,unfurnished,13817767
Pune,4094,4,1,1,2,no,no,no,yes,yes,unfurnished,14556469
Mumbai,1909,3,3,2,0,no,yes,yes,no,yes,semi-furnished,11965581
Hyderabad,3690,1,4,2,1,no,no,yes,yes,yes,semi-furnished,14825571
Bangalore,4991,2,2,2,1,yes,yes,no,yes,yes,semi-furnished,21814104
Nashik,2055,5,3,2,1,yes,no,no,yes,yes,semi-furnished,7991710
Delhi,1304,1,3,3,2,no,no,yes,yes,no,furnished,7838979
Hyderabad,1779,4,1,3,1,no,no,yes,yes,yes,semi-furnished,8460795
Nashik,4077,5,4,2,1,no,yes,no,yes,no,furnished,12170767
Nashik,3401,2,3,1,1,yes,yes,yes,no,yes,semi-furnished,8428819
Mumbai,1887,2,3,2,1,no,yes,yes,no,yes,semi-furnished,11964245
Nashik,3261,3,3,2,0,no,yes,no,no,no,unfurnished,8806474
Bangalore,3179,5,3,1,2,no,yes,no,no,no,furnished,16024798
Hyderabad,2606,3,2,3,2,yes,yes,no,yes,yes,unfurnished,11801503
Nashik,4723,1,4,2,0,no,no,yes,yes,yes,semi-furnished,11482127
Mumbai,3268,5,1,2,0,no,yes,no,no,no,furnished,19065963
Bangalore,4453,1,1,3,2,yes,no,yes,no,no,semi-furnished,19280230
Pune,3686,3,2,3,1,yes,yes,no,no,no,unfurnished,13612547
Hyderabad,3780,5,4,1,1,no,yes,no,no,no,furnished,17283832
Nashik,3073,3,3,3,2,yes,yes,yes,no,yes,unfurnished,9122542
Mumbai,3099,5,2,3,1,no,no,yes,no,yes,semi-furnished,18548800
Pune,4533,3,4,3,0,yes,yes,no,no,yes,semi-furnished,16332703
Pune,736,2,3,1,1,yes,yes,no,no,yes,semi-furnished,4736589
Delhi,1804,3,2,3,1,no,no,yes,yes,yes,furnished,10326224
Bangalore,3930,2,4,3,1,no,no,no,yes,no,unfurnished,18231926
Nashik,1801,3,1,1,2,no,no,yes,yes,no,unfurnished,5844740
Mumbai,3041,5,1,3,0,yes,no,yes,yes,no,semi-furnished,17962291
Delhi,2551,5,4,3,1,no,yes,no,no,yes,unfurnished,15280836
Bangalore,941,5,1,1,2,no,no,yes,yes,no,furnished,7183745
Delhi,2576,4,4,2,1,no,yes,yes,no,yes,semi-furnished,15482860
Hyderabad,3680,1,3,1,0,no,yes,yes,yes,yes,semi-furnished,14414493
Bangalore,3157,5,4,3,1,no,no,no,no,yes,semi-furnished,16046170
Bangalore,4298,2,3,3,0,yes,yes,yes,no,no,furnished,18608259
Nashik,1304,5,2,3,1,no,no,no,yes,yes,semi-furnished,5692243
Bangalore,574,4,4,1,0,no,yes,no,yes,yes,semi-furnished,5136721
Delhi,2675,2,2,3,1,yes,no,no,no,no,semi-furnished,13466894
Bangalore,4424,4,1,3,0,no,no,yes,no,yes,semi-furnished,19817402
Nashik,2589,2,3,1,1,no,no,yes,no,no,unfurnished,6950109
Nashik,540,3,4,2,1,no,no,no,yes,yes,semi-furnished,3753949
Hyderabad,2581,1,2,2,2,no,no,no,yes,no,furnished,10542712
Delhi,2122,1,3,3,2,no,no,yes,no,yes,semi-furnished,11103599
Pune,841,4,3,1,0,yes,yes,no,yes,yes,semi-furnished,4966147
Pune,4552,1,1,3,1,yes,yes,no,no,no,unfurnished,14230280
Bangalore,2574,4,1,1,0,yes,yes,yes,yes,yes,semi-furnished,12273125
Hyderabad,1145,4,3,1,2,no,no,no,yes,no,unfurnished,7176421
Mumbai,4763,4,3,2,0,yes,yes,yes,yes,yes,furnished,26837129
Bangalore,1109,1,4,2,0,no,no,yes,yes,no,unfurnished,6120609
Hyderabad,954,4,3,1,2,no,yes,no,yes,yes,semi-furnished,6788014
Delhi,3453,1,4,3,1,no,yes,yes,no,yes,furnished,17329003
Delhi,2208,4,3,2,0,yes,no,yes,no,yes,semi-furnished,12412215
Delhi,3972,5,1,3,2,yes,yes,yes,yes,no,unfurnished,21211197
Delhi,3469,4,4,2,1,yes,yes,no,no,no,furnished,18868009
Delhi,3528,2,2,2,2,no,yes,no,no,no,furnished,17649129
Hyderabad,3181,4,1,3,0,yes,no,no,yes,no,unfurnished,13208035
Hyderabad,4129,3,4,2,1,no,yes,yes,no,no,unfurnished,17380649
Nashik,4725,4,4,2,1,yes,no,yes,yes,yes,furnished,13331086
Pune,3567,2,2,3,2,yes,yes,no,no,yes,furnished,12462968
Delhi,1886,2,4,2,2,no,yes,no,no,yes,unfurnished,11294288
Mumbai,4276,1,3,2,2,no,yes,yes,no,yes,semi-furnished,22976508
Hyderabad,3366,5,2,2,1,yes,yes,no,no,yes,furnished,14925543
Mumbai,3863,4,1,3,1,yes,no,no,no,no,unfurnished,21805251
Mumbai,4624,1,1,1,0,yes,yes,no,no,yes,semi-furnished,24193360
Mumbai,648,5,3,3,1,no,no,no,no,no,furnished,6854060
Nashik,4350,4,1,1,0,no,no,no,yes,yes,furnished,10724402
Hyderabad,2558,3,4,2,2,yes,yes,yes,yes,no,unfurnished,12120211
Mumbai,1636,4,4,1,2,yes,yes,no,yes,no,semi-furnished,12205423
Delhi,686,2,3,3,1,no,no,no,yes,no,furnished,4873968
Bangalore,3354,2,1,3,2,yes,no,yes,no,yes,semi-furnished,15117854
Mumbai,1750,3,1,2,2,no,yes,yes,no,yes,semi-furnished,10797962
Nashik,1833,1,3,1,1,no,yes,yes,no,yes,furnished,5730900
Hyderabad,4693,5,2,2,0,no,yes,yes,yes,yes,semi-furnished,19715700
Nashik,4650,4,1,2,1,no,yes,no,yes,no,furnished,11997615
Mumbai,3211,2,2,3,0,no,yes,no,yes,no,semi-furnished,17488304
Hyderabad,2285,1,1,1,1,no,no,no,no,no,furnished,8625665
Bangalore,1250,3,1,1,1,yes,yes,no,yes,no,unfurnished,6730314
Mumbai,2262,2,1,1,2,no,yes,yes,no,yes,furnished,12911392
Nashik,4420,3,1,1,1,no,no,yes,yes,no,furnished,10635673
Pune,4960,4,4,2,1,yes,yes,no,no,yes,furnished,18229622
Delhi,981,5,2,2,0,no,yes,no,yes,no,semi-furnished,7682801
Nashik,653,2,2,3,2,yes,no,no,no,no,unfurnished,3331957
Hyderabad,2024,2,1,2,0,no,yes,no,yes,no,semi-furnished,8625142
Mumbai,2620,4,1,2,0,yes,no,yes,yes,yes,semi-furnished,15803805
Delhi,2843,1,2,3,2,yes,yes,no,no,yes,furnished,14100503
Mumbai,1740,5,4,3,2,no,yes,yes,no,no,semi-furnished,12880074
Hyderabad,560,2,3,3,2,no,yes,yes,yes,no,furnished,4466443
Mumbai,1438,5,3,2,1,no,no,yes,no,no,unfurnished,11247580
Pune,2139,2,2,2,2,no,no,yes,yes,yes,semi-furnished,8461611
Delhi,4620,5,1,3,2,yes,no,no,no,yes,semi-furnished,23720502
Delhi,4726,3,1,3,2,yes,no,no,yes,yes,semi-furnished,23748537
Hyderabad,4069,2,4,3,0,yes,yes,no,no,no,furnished,16471809
Pune,1752,5,3,2,0,no,no,no,yes,yes,furnished,8676766
Nashik,4703,1,4,2,1,yes,no,yes,yes,no,semi-furnished,11107951
Mumbai,671,3,3,1,0,no,no,yes,yes,yes,semi-furnished,5645449
Bangalore,1958,3,2,2,1,no,yes,yes,no,no,unfurnished,9944499
Mumbai,4049,1,3,2,0,yes,yes,no,yes,no,unfurnished,21640655
Mumbai,4697,5,4,2,2,no,no,yes,no,yes,unfurnished,27722703
Nashik,2822,4,4,3,0,yes,no,yes,no,no,unfurnished,9306236
Mumbai,2136,1,4,2,1,no,yes,yes,no,no,unfurnished,12350855
Pune,3615,5,2,3,0,yes,no,yes,yes,no,furnished,13901295
Pune,4590,1,3,1,2,no,no,no,no,yes,unfurnished,15077904
Delhi,3504,1,3,1,1,yes,no,yes,no,no,unfurnished,17456321
Hyderabad,829,2,4,3,2,yes,no,yes,no,yes,semi-furnished,5757447
Bangalore,4140,5,3,3,2,no,yes,no,yes,yes,furnished,20732910
Mumbai,4394,4,1,3,1,no,yes,no,no,no,unfurnished,24090035
Mumbai,4607,2,1,2,2,yes,yes,no,no,yes,unfurnished,24980147
Nashik,1841,1,1,1,2,no,no,yes,no,no,unfurnished,4568168
Hyderabad,4163,1,3,3,0,no,no,yes,no,yes,semi-furnished,15692166
Pune,715,1,2,2,2,no,yes,yes,yes,no,semi-furnished,3901141
Bangalore,838,5,2,1,2,yes,yes,yes,yes,yes,semi-furnished,6617237
Delhi,4562,5,2,2,2,yes,yes,no,no,no,unfurnished,23816062
Pune,3208,2,2,1,2,no,no,yes,no,no,semi-furnished,12114247
Hyderabad,3652,4,1,2,1,no,yes,yes,no,no,unfurnished,14975708
Delhi,2250,2,1,1,0,yes,no,no,no,no,furnished,11639166
Nashik,2921,3,4,1,2,no,no,no,yes,yes,unfurnished,8582466
Nashik,1209,1,3,2,2,yes,yes,no,yes,yes,semi-furnished,3842501
Mumbai,4226,1,3,3,1,no,yes,yes,yes,no,furnished,23014516
Hyderabad,4142,1,2,1,2,no,no,yes,yes,yes,unfurnished,16113798
Bangalore,4493,2,1,3,1,no,yes,yes,no,no,furnished,19065708
Delhi,988,2,2,2,0,yes,yes,yes,no,no,furnished,6168107
Pune,546,1,4,3,0,yes,no,yes,yes,yes,furnished,3073603
Hyderabad,3859,2,3,3,2,yes,no,no,yes,yes,unfurnished,16237284
Hyderabad,900,5,3,3,2,yes,no,no,no,no,semi-furnished,7010591
Nashik,4490,5,2,3,2,no,no,yes,no,yes,unfurnished,12531741
Mumbai,3657,2,4,3,1,no,no,yes,no,no,semi-furnished,20699908
Mumbai,4845,1,3,1,2,yes,yes,yes,no,yes,unfurnished,26420318
Delhi,890,2,4,1,2,no,no,yes,no,yes,unfurnished,6952127
Nashik,4353,2,4,1,0,no,no,yes,yes,yes,unfurnished,11129809
Hyderabad,4930,2,2,2,2,yes,no,no,yes,yes,semi-furnished,19278526
Bangalore,1128,3,1,3,0,no,yes,no,no,yes,unfurnished,5968837
Nashik,4732,5,2,1,2,no,no,no,no,no,furnished,12859556
Delhi,3430,4,1,2,0,yes,no,yes,yes,yes,unfurnished,17754676
Delhi,2021,4,4,1,2,no,no,yes,no,yes,furnished,12941575
Nashik,1326,3,1,1,0,no,yes,no,yes,no,semi-furnished,4514345
Delhi,2000,2,4,3,1,no,no,no,yes,no,semi-furnished,11818101
Nashik,3794,3,3,2,0,yes,no,yes,yes,no,unfurnished,10201348
Pune,2919,3,3,3,0,yes,no,no,yes,yes,unfurnished,11275943
Nashik,1434,1,3,3,0,no,yes,no,no,yes,unfurnished,4045169
Nashik,3542,5,2,1,2,no,yes,yes,no,no,furnished,10353289
Delhi,4997,4,2,3,2,no,yes,no,yes,no,semi-furnished,25611994
Delhi,1966,2,4,2,2,yes,yes,no,no,no,furnished,11133869
Mumbai,4061,4,3,3,1,yes,no,no,no,no,furnished,23733155
Mumbai,1114,4,2,3,1,yes,no,yes,no,yes,unfurnished,8467518
Pune,1682,5,3,3,0,no,yes,no,no,yes,unfurnished,8868334
Mumbai,3723,4,2,1,1,no,yes,no,yes,yes,furnished,21594290
Nashik,3167,4,1,2,0,no,no,no,no,yes,furnished,8550968
Delhi,630,3,1,1,0,no,no,yes,yes,yes,unfurnished,4243138
Mumbai,3483,5,3,1,0,no,yes,yes,yes,no,unfurnished,21046385
Mumbai,4778,1,4,1,1,yes,yes,no,no,yes,furnished,26026664
Pune,4959,2,2,1,2,no,yes,yes,yes,no,unfurnished,16439040
Hyderabad,538,4,2,1,1,no,yes,no,no,no,unfurnished,4815956
Pune,4459,2,1,2,0,no,no,yes,no,no,furnished,14900056
Nashik,4087,1,1,3,0,yes,yes,yes,yes,yes,furnished,8978788
Delhi,1420,2,4,1,1,no,yes,no,no,no,semi-furnished,8747864
Pune,3269,1,4,1,0,yes,no,no,yes,yes,furnished,11848462
Mumbai,4611,3,4,2,0,yes,no,no,yes,no,unfurnished,25311815
Delhi,992,4,3,2,1,yes,no,yes,no,yes,furnished,7280741
Delhi,1631,1,1,3,1,yes,no,no,no,no,furnished,7952289
Mumbai,4021,2,3,2,1,yes,no,yes,no,yes,furnished,22133906
Pune,810,4,1,3,0,no,yes,yes,yes,no,semi-furnished,4973766
Mumbai,1238,3,1,1,0,no,yes,no,no,no,semi-furnished,8334355
Hyderabad,3741,4,2,1,2,yes,yes,yes,yes,no,unfurnished,15761144
Delhi,1045,1,1,3,2,yes,no,no,yes,no,semi-furnished,5587602
Bangalore,2961,3,1,2,1,yes,yes,yes,no,yes,furnished,13674048
Bangalore,4846,2,3,3,2,no,no,no,no,yes,semi-furnished,21952821
Nashik,2304,3,1,2,0,no,yes,yes,no,yes,furnished,6145469
Mumbai,3712,3,3,1,2,yes,yes,yes,yes,no,semi-furnished,21617596
Mumbai,4310,5,4,2,0,no,no,no,no,no,semi-furnished,25434563
Nashik,1313,3,1,3,1,no,no,yes,yes,no,semi-furnished,4203088
Nashik,4624,3,1,3,1,yes,yes,no,no,no,furnished,11277896
Nashik,2532,4,3,1,0,yes,yes,yes,no,no,semi-furnished,8033955
Delhi,4913,2,4,2,2,no,yes,yes,yes,no,furnished,24788335
Hyderabad,744,4,2,2,1,no,yes,yes,yes,yes,furnished,5843989
Mumbai,771,4,4,2,1,no,yes,no,no,yes,unfurnished,7255812
Delhi,4011,1,3,1,2,yes,no,no,no,yes,semi-furnished,20276866
Nashik,2271,4,4,2,2,yes,no,no,no,yes,unfurnished,8556823
Mumbai,1762,5,3,3,0,yes,no,no,no,yes,unfurnished,11944907
Delhi,2924,5,3,2,2,no,no,no,no,yes,furnished,17320380
Hyderabad,4861,1,2,1,2,no,yes,yes,yes,yes,semi-furnished,18871812
Delhi,1420,2,1,2,2,yes,yes,yes,yes,yes,furnished,7647560
Hyderabad,3930,2,3,2,0,no,no,no,yes,no,furnished,16056495
Nashik,4935,4,3,3,0,yes,yes,yes,yes,no,semi-furnished,12484601
Hyderabad,4984,4,2,2,1,no,no,yes,no,no,furnished,20624650
Mumbai,3124,4,3,3,0,yes,yes,yes,yes,no,semi-furnished,18396606
Nashik,4260,2,1,3,1,no,yes,yes,yes,no,semi-furnished,10203775
Mumbai,2550,3,2,1,2,no,yes,no,yes,no,furnished,15732027
Bangalore,4000,5,1,3,1,yes,no,yes,no,no,furnished,19436827
Pune,1665,3,1,3,1,yes,no,no,yes,yes,unfurnished,6679286
Hyderabad,875,3,2,1,2,yes,no,no,no,yes,furnished,5342641
Pune,2533,2,3,3,1,yes,no,yes,yes,no,semi-furnished,9320266
Pune,645,3,1,1,0,yes,yes,no,no,yes,unfurnished,4209507
Hyderabad,4888,1,1,2,0,no,yes,yes,yes,yes,semi-furnished,17411679
Nashik,931,4,1,1,0,yes,yes,yes,no,yes,unfurnished,4150241
Bangalore,1204,1,1,3,0,yes,yes,yes,yes,yes,furnished,5680596
Mumbai,3132,5,2,1,1,yes,no,no,no,yes,furnished,18666096
Delhi,4994,4,2,3,1,yes,yes,no,no,no,furnished,25468202
Mumbai,1463,3,4,2,2,yes,yes,no,yes,yes,semi-furnished,10897912
Delhi,2734,5,4,1,1,no,yes,yes,no,no,unfurnished,16690036
Mumbai,2541,4,1,2,1,yes,no,yes,no,no,semi-furnished,15152154
Hyderabad,2328,3,3,3,1,yes,no,yes,yes,no,unfurnished,10777983
Bangalore,2608,1,1,3,2,yes,no,no,yes,yes,furnished,11358812
Delhi,4568,4,3,2,0,no,yes,yes,no,no,semi-furnished,23538787
Nashik,1438,3,1,1,1,no,no,yes,yes,no,furnished,4399382
Mumbai,1306,1,4,1,2,yes,yes,no,yes,no,semi-furnished,8930667
Mumbai,1963,5,4,3,2,yes,yes,no,yes,no,furnished,14132583
Delhi,3915,5,3,2,2,no,yes,no,no,yes,semi-furnished,21575226
Nashik,510,5,1,2,0,no,no,yes,no,no,semi-furnished,3478539
Nashik,2368,5,3,1,1,no,no,yes,no,no,unfurnished,8288532
Hyderabad,1384,2,4,1,2,yes,yes,yes,no,no,furnished,7318612
Hyderabad,4064,4,1,1,0,yes,yes,no,no,no,unfurnished,16030764
Hyderabad,1889,4,1,2,2,no,no,no,no,yes,unfurnished,9557756
Hyderabad,3901,2,3,1,2,yes,no,no,no,no,furnished,16091619
Hyderabad,4821,3,2,1,2,no,no,no,yes,no,semi-furnished,18935336
Hyderabad,1324,3,3,3,2,no,yes,yes,no,no,unfurnished,7228067
Bangalore,2765,5,4,1,2,no,yes,yes,no,no,furnished,14915033
Nashik,1436,1,4,1,0,yes,yes,yes,yes,no,semi-furnished,4954143
Hyderabad,3300,3,4,2,1,no,no,yes,yes,no,unfurnished,13966292
Nashik,3053,1,4,2,1,no,no,yes,yes,yes,unfurnished,8417345
Nashik,4345,4,4,3,1,yes,no,yes,no,no,unfurnished,12509118
Pune,2296,1,2,1,1,no,yes,yes,yes,yes,semi-furnished,7971083
Bangalore,553,4,1,3,0,yes,yes,yes,no,yes,unfurnished,4255772
Hyderabad,1226,2,3,2,0,no,no,no,no,no,semi-furnished,5709800
Mumbai,3236,2,3,3,0,yes,yes,no,no,yes,unfurnished,17636440
Delhi,3670,5,4,2,2,no,no,yes,yes,no,furnished,20531462
Mumbai,2413,3,3,3,2,no,yes,no,yes,yes,unfurnished,15016809
Bangalore,2096,5,4,3,2,no,no,yes,no,no,furnished,12430021
Delhi,2414,4,2,1,1,no,yes,yes,no,yes,furnished,13808615
Bangalore,2966,5,2,3,2,no,yes,no,no,yes,furnished,15437936
Nashik,3237,1,1,1,1,yes,no,yes,yes,no,semi-furnished,7875624
Delhi,1349,4,2,1,2,yes,no,yes,no,yes,furnished,9020567
Nashik,2609,2,2,1,1,no,no,yes,yes,yes,unfurnished,7467192
Mumbai,502,3,1,1,2,no,no,yes,no,yes,semi-furnished,4565642
Mumbai,4755,4,3,3,2,no,no,yes,yes,yes,furnished,27391196
Delhi,4569,4,4,2,0,yes,yes,yes,no,yes,semi-furnished,24079402
Delhi,1392,1,4,2,2,yes,no,yes,yes,no,semi-furnished,8644448
Hyderabad,2530,3,3,2,2,no,no,no,yes,yes,semi-furnished,11324573
Bangalore,3660,2,1,3,0,yes,no,no,yes,yes,unfurnished,15497207
Hyderabad,2876,4,3,1,1,no,yes,yes,yes,no,furnished,12728157
Bangalore,2433,4,2,2,0,no,no,no,yes,no,semi-furnished,11966288
Hyderabad,1880,1,1,3,0,no,no,yes,yes,no,semi-furnished,7557432
Nashik,4181,5,1,1,1,yes,no,yes,no,yes,semi-furnished,10955778
Delhi,1790,2,1,2,2,no,yes,yes,no,yes,furnished,9385016
Mumbai,2140,3,4,1,1,no,yes,yes,no,yes,semi-furnished,13748576
Bangalore,3182,4,3,2,2,no,no,no,no,yes,semi-furnished,15696204
Bangalore,1487,4,1,2,2,yes,yes,no,yes,no,unfurnished,8258573
Mumbai,1718,2,1,2,1,yes,no,no,no,no,furnished,9710730
Hyderabad,1855,5,1,1,0,yes,yes,no,yes,yes,unfurnished,9727865
Bangalore,4765,4,3,3,1,no,no,yes,yes,yes,furnished,21724186
Nashik,4635,2,4,1,2,yes,yes,no,yes,yes,furnished,11875349
Delhi,2060,1,2,2,1,no,no,yes,no,yes,furnished,10861392
Mumbai,1918,5,4,1,1,yes,no,yes,yes,no,unfurnished,13008781
Delhi,1454,3,1,3,2,no,yes,no,no,no,unfurnished,8480677
Bangalore,1483,4,4,1,0,yes,no,yes,no,yes,unfurnished,8889506
Bangalore,1474,2,4,3,1,no,no,no,no,no,unfurnished,7827126
Mumbai,4633,1,2,3,2,yes,no,no,no,yes,semi-furnished,24403217
Nashik,4472,3,3,1,2,yes,no,no,no,yes,semi-furnished,11659794
Pune,1413,2,3,2,1,yes,yes,no,yes,no,semi-furnished,6354474
Mumbai,536,2,4,3,0,no,no,no,yes,yes,furnished,5272466
Pune,3887,3,4,1,1,yes,yes,yes,no,no,semi-furnished,14341027
Hyderabad,2211,1,3,3,0,yes,yes,no,yes,yes,furnished,9192570
Pune,3520,1,3,2,0,yes,yes,no,no,no,unfurnished,11778531
Nashik,1295,5,2,1,0,yes,yes,yes,yes,yes,furnished,5862339
Hyderabad,4536,4,1,1,0,no,no,no,yes,no,furnished,18496178
Pune,3611,3,4,1,1,yes,no,no,yes,yes,semi-furnished,13494161
Hyderabad,1824,3,3,2,2,no,yes,yes,yes,yes,unfurnished,8750266
Pune,817,3,4,3,2,no,no,yes,yes,no,unfurnished,5575344
Nashik,2896,1,4,1,2,no,yes,no,yes,yes,semi-furnished,7685601
Pune,2662,4,3,3,2,no,no,yes,yes,no,unfurnished,11181459
Pune,3245,5,2,3,2,yes,no,no,yes,no,unfurnished,13183247
Pune,2091,2,4,2,2,no,no,yes,yes,yes,unfurnished,8505773
Mumbai,3611,2,2,1,1,no,yes,no,yes,yes,semi-furnished,20066741
Mumbai,4430,3,3,3,0,no,yes,no,yes,yes,unfurnished,24755798
Mumbai,2496,4,1,1,2,no,no,no,yes,yes,furnished,15015983
Nashik,1812,1,1,1,1,yes,yes,yes,yes,no,furnished,4204636
Hyderabad,1785,4,4,2,2,yes,yes,no,no,yes,unfurnished,9717341
Bangalore,4811,4,3,1,2,no,no,yes,yes,yes,semi-furnished,22110483
Pune,2883,1,2,1,0,no,yes,no,yes,yes,semi-furnished,9269505
Pune,3739,3,4,3,0,no,no,no,yes,no,semi-furnished,13816769
Nashik,2639,4,3,2,0,yes,no,no,yes,yes,unfurnished,8235813
Pune,2204,2,3,1,2,yes,no,no,yes,no,unfurnished,8623474
Mumbai,862,1,2,3,2,yes,yes,no,yes,yes,furnished,5406008
Bangalore,3104,5,4,2,2,yes,no,yes,no,no,semi-furnished,16060348
Delhi,2216,3,3,2,0,yes,no,yes,no,yes,furnished,12598547
Pune,4951,1,3,3,1,no,yes,yes,no,yes,furnished,16222417
Mumbai,4786,5,3,3,2,yes,yes,no,yes,no,semi-furnished,27556380
Delhi,4238,5,2,3,2,yes,yes,no,yes,yes,unfurnished,22801929
Bangalore,2969,4,4,3,2,no,yes,yes,yes,yes,unfurnished,15110607
Delhi,1056,4,4,3,1,yes,no,no,no,yes,furnished,8588181
Mumbai,1325,4,4,1,2,yes,yes,no,yes,no,furnished,10463384
Hyderabad,3308,1,4,1,1,yes,yes,no,yes,yes,furnished,13085157
Hyderabad,3219,1,1,2,2,no,yes,yes,no,no,furnished,12491696
Delhi,4008,3,1,1,1,yes,yes,yes,no,no,semi-furnished,19788299
Nashik,4241,4,4,1,2,no,no,yes,yes,no,furnished,11783225
Delhi,2074,5,2,1,0,no,yes,yes,yes,yes,furnished,12041352
Pune,4498,2,1,3,0,yes,no,yes,yes,no,unfurnished,14389967
Pune,2629,3,3,2,0,yes,yes,no,yes,no,unfurnished,10138133
Hyderabad,2903,1,1,2,0,yes,no,no,no,yes,unfurnished,11019867
Nashik,3829,3,3,2,2,yes,no,no,yes,no,semi-furnished,10170628
Mumbai,1088,3,4,2,0,no,yes,no,yes,no,semi-furnished,7751889
Pune,2512,3,1,1,1,yes,no,yes,no,yes,unfurnished,9298063
Hyderabad,2047,3,2,1,0,no,yes,yes,yes,yes,unfurnished,9075967
Bangalore,794,2,1,3,0,no,no,no,yes,no,furnished,4938824
Hyderabad,2485,4,1,2,0,no,no,yes,no,yes,furnished,10849553
Pune,3617,5,1,1,2,no,no,no,no,yes,semi-furnished,13597105
Pune,2190,3,4,1,0,no,yes,no,yes,yes,semi-furnished,9193380
Hyderabad,1636,3,2,3,1,yes,no,no,no,no,furnished,7658957
Mumbai,2564,3,1,3,0,no,yes,no,no,no,unfurnished,15095323
Delhi,4955,4,2,3,0,no,no,yes,yes,yes,furnished,24398549
Pune,1507,1,4,1,0,yes,no,no,no,no,semi-furnished,6298569
Hyderabad,3014,1,3,1,1,yes,no,yes,yes,yes,semi-furnished,11954415
Hyderabad,4026,2,1,3,0,no,no,no,yes,yes,furnished,14957697
Nashik,1747,1,2,2,1,no,no,no,yes,yes,furnished,4753567
Delhi,4402,3,2,3,1,yes,no,no,yes,yes,furnished,21645534
Bangalore,1935,3,4,3,0,no,yes,no,no,yes,semi-furnished,10033034
Mumbai,1071,3,1,3,1,yes,yes,yes,yes,no,unfurnished,6913097
Bangalore,2882,2,3,3,2,yes,yes,no,yes,no,furnished,14037173
Delhi,1745,3,2,1,0,no,no,yes,yes,no,semi-furnished,9739681
Delhi,2584,1,1,2,0,yes,yes,no,yes,no,semi-furnished,12357223
Delhi,777,4,3,3,1,no,no,no,no,yes,semi-furnished,6569194
Bangalore,2387,4,2,2,1,no,yes,no,no,yes,furnished,12399566
Delhi,1765,5,2,2,0,no,yes,yes,no,no,furnished,11206132
Hyderabad,1540,1,3,2,2,yes,no,no,yes,no,unfurnished,7200708
Bangalore,1417,3,3,3,1,no,no,no,no,yes,semi-furnished,8742687
Delhi,1385,4,4,1,1,yes,yes,no,no,yes,furnished,9493817
Hyderabad,3252,1,1,3,2,no,yes,no,yes,yes,semi-furnished,12906726
Nashik,521,4,1,2,2,no,yes,no,no,no,semi-furnished,3839565
Delhi,3691,3,4,2,0,yes,yes,yes,yes,yes,unfurnished,19789513
Bangalore,2853,4,2,1,2,no,no,yes,no,yes,furnished,13916694
Pune,1186,5,3,3,0,no,yes,no,no,no,furnished,7040438
Delhi,784,5,3,2,2,yes,no,no,no,no,semi-furnished,7419758
Pune,4247,4,3,1,1,yes,no,yes,no,no,semi-furnished,15886844
Hyderabad,1262,1,2,2,0,yes,yes,no,yes,yes,unfurnished,5212543
Nashik,2928,1,3,1,0,no,no,yes,yes,yes,unfurnished,7723359
Mumbai,3007,1,3,1,0,yes,yes,no,no,no,unfurnished,16508374
Nashik,528,4,4,3,2,yes,no,no,yes,yes,unfurnished,4830267
Delhi,1406,1,2,2,1,no,no,yes,no,yes,unfurnished,7899687
Pune,3604,3,1,3,0,yes,yes,no,no,yes,unfurnished,13101199
Pune,4499,5,4,2,0,no,no,yes,no,no,semi-furnished,16876559
Bangalore,3494,3,4,3,0,no,no,yes,no,no,unfurnished,17122662
Pune,3006,1,1,2,0,yes,yes,yes,no,yes,semi-furnished,10255797
Bangalore,4109,3,4,3,1,no,no,no,no,yes,semi-furnished,19799265
Hyderabad,4053,1,2,1,2,yes,no,yes,yes,yes,furnished,15809256
Mumbai,1953,4,3,2,1,yes,yes,yes,yes,yes,semi-furnished,13184819
Delhi,3856,3,2,2,0,yes,yes,no,no,no,semi-furnished,19910254
Bangalore,1015,4,1,1,1,yes,no,no,yes,no,unfurnished,6652890
Mumbai,538,4,1,3,0,no,no,no,no,yes,semi-furnished,5428760
Pune,3842,2,4,2,2,no,no,no,yes,yes,unfurnished,14119857
Pune,1386,1,2,2,2,yes,yes,no,yes,no,unfurnished,5674304
Mumbai,3344,5,2,3,2,yes,no,no,yes,yes,unfurnished,20643098
Pune,2704,1,1,1,0,no,no,yes,no,no,furnished,8938748
Hyderabad,1598,5,2,3,1,yes,no,no,yes,yes,unfurnished,8465356
Hyderabad,2323,1,1,3,2,no,no,yes,no,no,semi-furnished,9671630
Mumbai,3701,4,2,3,0,yes,no,no,no,yes,unfurnished,20864925
Bangalore,3655,3,2,2,0,no,no,yes,no,yes,unfurnished,17108178
Bangalore,3593,3,2,1,1,no,yes,yes,yes,no,unfurnished,16712479
Mumbai,4030,2,1,1,2,no,yes,no,yes,no,furnished,21958919
Bangalore,4278,5,4,3,0,yes,no,no,yes,yes,semi-furnished,20557702
Bangalore,3396,5,2,2,1,yes,no,yes,no,yes,furnished,17180961
Hyderabad,3953,5,1,3,2,yes,yes,no,no,no,semi-furnished,16567675
Bangalore,4011,4,1,2,1,yes,yes,no,yes,no,furnished,18323819
Nashik,1488,5,2,2,1,yes,yes,yes,no,yes,semi-furnished,6212374
Delhi,4616,3,2,2,0,no,no,yes,yes,yes,furnished,23205230
Pune,4526,4,4,2,0,no,no,yes,yes,no,unfurnished,17135342
Nashik,4679,1,1,1,0,no,no,no,yes,no,furnished,10050544
Bangalore,2182,5,1,2,1,no,no,no,yes,no,furnished,11909336
Hyderabad,4463,5,3,2,0,no,yes,no,no,no,unfurnished,19238976
Mumbai,1433,1,1,3,1,no,yes,no,yes,no,unfurnished,8005822
Bangalore,4098,5,4,3,1,no,yes,yes,yes,yes,semi-furnished,19854821
Hyderabad,3733,1,3,1,0,yes,yes,no,yes,yes,semi-furnished,14476059
Delhi,2480,4,3,3,2,no,no,yes,yes,no,semi-furnished,13972204
Bangalore,2355,3,3,2,2,yes,no,no,yes,yes,furnished,12693169
Mumbai,3556,1,2,3,2,no,yes,no,yes,yes,semi-furnished,19573826
Hyderabad,1292,2,2,1,1,no,yes,yes,yes,no,furnished,6068464
Hyderabad,1291,1,1,3,1,yes,yes,no,no,yes,furnished,5869746
Hyderabad,2309,5,3,3,1,no,yes,no,no,yes,semi-furnished,11215093
Delhi,2755,4,4,1,0,yes,yes,yes,no,yes,semi-furnished,16056968
Bangalore,4110,4,2,1,1,no,no,no,no,no,furnished,18948260
Delhi,2107,1,4,2,0,yes,no,yes,yes,no,unfurnished,10796564
Pune,1484,3,4,3,0,no,yes,yes,no,yes,unfurnished,7144492
Pune,4176,2,2,2,2,yes,yes,yes,no,yes,furnished,14081365
Bangalore,3880,4,2,3,2,yes,yes,yes,no,yes,semi-furnished,18784932
Delhi,1019,5,2,3,2,no,no,no,yes,yes,furnished,8503447
Mumbai,1090,5,2,2,0,no,no,no,no,yes,furnished,8270511
Hyderabad,1550,3,3,3,0,yes,no,no,no,yes,semi-furnished,7817274
Hyderabad,4133,4,3,3,0,no,yes,yes,yes,no,unfurnished,17286896
Bangalore,4944,1,3,3,1,yes,no,no,no,yes,furnished,21842295
Pune,1459,5,3,1,0,no,yes,no,yes,yes,unfurnished,7756871
Pune,1192,3,1,2,2,yes,no,no,no,no,unfurnished,5482971
Hyderabad,4399,4,3,1,2,no,no,no,yes,yes,semi-furnished,19157669
Bangalore,4973,4,2,2,0,yes,no,yes,no,yes,furnished,22095700
Delhi,3446,4,4,2,0,no,yes,yes,no,yes,furnished,18566221
Pune,1026,4,3,3,2,yes,yes,no,no,yes,unfurnished,6274681
Delhi,3724,4,1,2,0,yes,no,yes,yes,no,unfurnished,18626247
Pune,2753,5,2,1,2,no,yes,no,no,yes,semi-furnished,11441631
Pune,3844,3,4,1,1,no,yes,no,yes,no,unfurnished,14088270
Nashik,4465,4,4,1,2,yes,yes,no,yes,yes,semi-furnished,12871172
Pune,2375,2,3,2,1,yes,yes,yes,yes,yes,furnished,8878560
Mumbai,2263,2,4,1,0,yes,yes,no,yes,no,semi-furnished,13708875
Bangalore,1020,3,3,2,0,yes,yes,yes,no,yes,unfurnished,6489627
Bangalore,1516,1,3,1,1,no,yes,yes,no,no,furnished,7454042
Delhi,616,1,2,1,0,yes,no,no,no,no,semi-furnished,3767135
Pune,2933,1,2,2,1,yes,yes,yes,yes,no,furnished,9780142
Mumbai,1083,2,1,1,0,yes,yes,yes,no,yes,semi-furnished,6801901
Delhi,894,1,2,3,2,no,no,no,yes,yes,unfurnished,5119707
Nashik,4288,5,2,2,0,yes,no,yes,yes,yes,unfurnished,11549921
Delhi,3268,4,3,2,2,no,no,yes,yes,yes,furnished,17553003
Delhi,4667,2,2,2,2,no,no,no,no,no,furnished,23074266
Pune,4360,3,3,3,1,no,yes,no,no,yes,furnished,15587650
Nashik,773,3,3,2,0,no,no,yes,yes,yes,semi-furnished,4409750
Delhi,2513,4,2,1,1,no,no,no,no,no,unfurnished,14038365
Mumbai,4933,2,1,1,0,no,yes,no,no,no,furnished,26048318
Mumbai,1889,1,1,1,2,no,yes,yes,yes,yes,furnished,10853421
Bangalore,4066,1,4,2,2,yes,yes,yes,yes,no,furnished,18259215
Nashik,665,5,4,1,0,yes,no,no,no,no,semi-furnished,4675921
Nashik,2067,5,2,2,0,no,yes,yes,yes,no,furnished,7203655
Bangalore,1228,1,1,1,1,yes,no,no,yes,no,furnished,6182448
Delhi,2543,3,3,3,0,yes,yes,no,no,no,semi-furnished,13849720
Nashik,4697,3,4,3,0,no,yes,yes,no,yes,semi-furnished,12433232
Mumbai,3996,5,3,3,0,yes,no,yes,yes,yes,furnished,23671877
Mumbai,1278,4,4,3,1,no,yes,no,no,yes,furnished,9963400
Pune,713,1,2,2,0,yes,yes,no,yes,yes,semi-furnished,3247524
Nashik,4262,5,1,1,2,no,yes,no,yes,yes,unfurnished,12205819
Delhi,2076,5,4,3,1,no,yes,no,no,yes,semi-furnished,13528678
Bangalore,2948,1,1,2,1,yes,yes,yes,yes,yes,unfurnished,12323153
Bangalore,3436,1,3,3,2,yes,no,no,yes,no,furnished,15835644
Delhi,3617,3,2,3,2,no,no,yes,yes,yes,furnished,18410911
Hyderabad,1091,4,1,2,2,no,yes,yes,no,yes,unfurnished,6599026
Pune,3220,4,2,2,0,no,no,no,no,yes,semi-furnished,12172610
Bangalore,1213,1,1,1,2,yes,no,yes,no,no,furnished,5868015
Nashik,1435,2,3,1,0,yes,no,yes,yes,yes,unfurnished,5157104
Pune,4837,5,3,3,1,yes,yes,no,yes,yes,semi-furnished,18081938
Nashik,501,5,2,3,1,yes,yes,yes,no,no,unfurnished,4098751
Mumbai,3348,1,3,1,2,no,yes,yes,no,yes,semi-furnished,18092055
Pune,4544,2,4,1,0,no,no,no,no,yes,semi-furnished,15436509
Bangalore,2449,3,1,2,2,no,no,no,yes,no,semi-furnished,11631467
Pune,1417,1,3,1,2,no,yes,no,no,yes,semi-furnished,6202666
Pune,3674,1,4,1,0,yes,yes,no,yes,no,unfurnished,12630506
Pune,2741,5,2,3,2,no,no,no,no,yes,unfurnished,11310687
Hyderabad,589,1,4,1,1,no,no,no,yes,yes,unfurnished,3788722
Pune,2209,1,2,3,2,yes,yes,no,yes,yes,unfurnished,8023907
Nashik,2669,1,2,1,0,yes,no,yes,no,no,unfurnished,6338686
Mumbai,4738,5,1,2,0,no,no,yes,yes,no,semi-furnished,26911345
Delhi,3541,3,1,1,1,yes,no,no,no,no,furnished,17537152
Pune,605,3,4,1,0,no,no,yes,yes,yes,furnished,4340341
Bangalore,1386,1,1,1,0,yes,no,yes,yes,yes,unfurnished,6424061
Pune,927,5,1,3,1,yes,no,no,no,no,unfurnished,6216280
Bangalore,2395,3,1,2,2,no,no,yes,yes,no,furnished,11799846
Nashik,816,3,4,1,1,yes,yes,no,no,yes,semi-furnished,4234668
Bangalore,1134,3,3,3,2,no,yes,yes,no,yes,unfurnished,7741375
Delhi,2425,5,1,2,1,yes,no,no,no,yes,semi-furnished,13964372
Mumbai,2556,5,1,3,2,yes,no,yes,yes,yes,furnished,16249189
Bangalore,3644,1,4,3,1,yes,no,yes,yes,no,furnished,16373516
Bangalore,2770,4,3,2,2,yes,yes,yes,yes,yes,unfurnished,14669770
Mumbai,1939,3,1,1,1,yes,yes,no,no,yes,semi-furnished,11257601
Delhi,1052,4,2,3,2,no,no,yes,no,yes,unfurnished,7370559
Pune,1215,5,4,3,1,yes,yes,yes,yes,yes,furnished,7081282
Bangalore,4411,5,1,1,0,no,no,no,yes,yes,semi-furnished,20170137
Mumbai,2213,5,1,1,2,yes,no,no,no,yes,unfurnished,14142591
Nashik,3889,4,2,2,1,no,no,yes,yes,yes,unfurnished,10698086
Mumbai,1607,5,2,2,2,yes,no,yes,no,no,unfurnished,11690251
Nashik,4706,1,4,2,2,no,no,yes,yes,no,furnished,12006320
Delhi,750,5,4,1,1,no,no,yes,no,no,unfurnished,7670043
Pune,2930,2,2,3,2,yes,no,no,yes,yes,semi-furnished,10449876
Mumbai,2554,4,4,3,1,yes,yes,yes,yes,no,unfurnished,16335275
Hyderabad,958,2,2,2,0,yes,no,yes,no,yes,furnished,4726302
Bangalore,707,5,1,1,2,no,yes,no,no,yes,unfurnished,5733229
Delhi,1399,1,2,3,0,no,no,yes,no,yes,furnished,6906047
Mumbai,3961,3,2,2,2,yes,no,yes,yes,yes,furnished,22155857
Bangalore,3885,5,3,3,2,yes,yes,yes,no,no,semi-furnished,19104603
Mumbai,521,1,2,3,2,no,yes,no,no,yes,semi-furnished,4551272
Nashik,909,4,2,1,1,no,no,no,yes,yes,unfurnished,4181146
Mumbai,1394,2,3,1,0,yes,yes,yes,no,no,furnished,8735721
Hyderabad,1014,2,4,3,2,no,no,yes,no,no,furnished,6617374
Mumbai,4609,2,3,2,1,yes,no,no,no,no,semi-furnished,25277049
Mumbai,2634,4,1,1,2,yes,yes,yes,yes,yes,semi-furnished,15735871
Hyderabad,4095,1,3,3,1,yes,yes,yes,yes,no,unfurnished,15745104
Delhi,3456,4,1,1,2,no,yes,no,yes,yes,furnished,17834970
Mumbai,2060,2,4,1,0,no,yes,no,no,yes,semi-furnished,12716177
Hyderabad,1766,5,3,1,0,no,no,no,yes,no,unfurnished,9250319
Bangalore,2669,3,3,3,2,no,yes,yes,no,no,furnished,13515707
Nashik,4138,4,4,2,1,yes,yes,yes,no,no,furnished,11735865
Nashik,1249,4,1,2,2,no,yes,yes,no,yes,semi-furnished,4700921
Mumbai,3927,1,3,2,1,yes,yes,yes,yes,yes,unfurnished,21657180
Delhi,2427,1,1,1,2,yes,yes,no,yes,yes,semi-furnished,12100677
Delhi,4304,4,3,3,1,yes,no,yes,no,yes,unfurnished,22410900
Bangalore,4202,2,2,1,0,no,no,yes,no,yes,furnished,18052535
Mumbai,2856,3,3,2,2,yes,yes,no,yes,yes,unfurnished,17101317
Nashik,2835,1,4,2,0,yes,yes,no,yes,no,unfurnished,7550834
Delhi,806,2,4,3,0,no,no,yes,yes,yes,unfurnished,6154367
Mumbai,4165,5,1,1,2,yes,yes,no,no,no,unfurnished,24174822
Delhi,2489,1,3,2,2,no,no,no,yes,no,unfurnished,12960721
Hyderabad,1161,2,1,3,1,no,no,yes,yes,no,semi-furnished,5844660
Delhi,811,2,1,1,1,no,yes,yes,yes,no,unfurnished,5625600
Nashik,3420,3,2,1,0,yes,no,yes,no,no,unfurnished,8512828
Pune,1582,3,2,2,1,no,yes,yes,yes,yes,furnished,7193937
Bangalore,3471,5,4,2,1,no,yes,no,no,yes,unfurnished,17635206
Bangalore,1254,2,1,1,2,no,no,no,no,yes,furnished,6271152
Nashik,4630,2,4,1,1,no,no,yes,no,yes,semi-furnished,11380073
Delhi,852,3,3,2,0,yes,yes,yes,yes,no,semi-furnished,6092635
Mumbai,1402,1,1,1,1,no,no,no,yes,no,unfurnished,7733393
Delhi,4388,1,1,2,0,yes,yes,yes,yes,no,semi-furnished,20132569
Nashik,658,4,3,1,2,no,no,yes,no,yes,unfurnished,4974899
Bangalore,2477,3,3,2,0,yes,no,yes,yes,yes,semi-furnished,12778080
Delhi,1456,4,4,3,1,no,yes,yes,no,yes,unfurnished,10436131
Bangalore,2571,3,4,2,2,yes,yes,no,yes,yes,unfurnished,13565132
Mumbai,903,5,3,2,1,no,yes,yes,yes,no,furnished,8024579
Bangalore,3279,2,4,3,2,yes,no,no,yes,no,furnished,15899850
Bangalore,1887,5,3,1,2,yes,yes,yes,yes,yes,furnished,11300220
Pune,3953,3,1,3,1,yes,yes,yes,no,yes,furnished,13481537
Pune,1455,2,1,2,1,no,no,no,no,no,unfurnished,5418806
Hyderabad,2212,1,2,1,2,yes,no,yes,no,no,semi-furnished,9659764
Pune,1773,1,1,3,2,yes,yes,no,no,no,unfurnished,6619280
Bangalore,4311,4,3,1,1,yes,yes,yes,yes,no,furnished,20128464
Nashik,3125,3,4,1,0,yes,yes,yes,no,yes,furnished,8791115
Bangalore,2882,3,2,3,1,no,yes,yes,no,no,semi-furnished,14111140
Nashik,1941,1,4,1,2,yes,no,yes,no,no,furnished,5655217
Nashik,3479,5,3,3,1,yes,no,yes,yes,no,unfurnished,10252760
Pune,2297,2,1,2,0,yes,yes,no,no,no,unfurnished,8001725
Delhi,4890,5,2,1,1,no,yes,no,no,yes,unfurnished,25685077
Mumbai,4509,5,3,2,2,yes,yes,yes,yes,yes,unfurnished,26390042
Pune,1894,1,2,2,1,yes,no,yes,yes,yes,unfurnished,6551837
Pune,4781,1,2,1,2,yes,yes,no,no,yes,semi-furnished,16005567
Delhi,1769,1,1,3,2,yes,yes,no,no,yes,unfurnished,9605924
Mumbai,4214,4,3,1,1,no,no,yes,yes,yes,furnished,23888811
Bangalore,1029,5,4,2,2,yes,no,yes,no,no,furnished,8626178
Hyderabad,4123,3,2,2,2,yes,yes,no,yes,no,furnished,17069568
Hyderabad,3458,2,2,3,0,no,yes,yes,no,no,furnished,13814369
Bangalore,3414,4,4,1,0,no,no,no,no,no,semi-furnished,17166448
Pune,4091,3,3,2,0,no,yes,yes,no,yes,furnished,14495666
Mumbai,2647,5,2,2,0,yes,yes,no,no,no,semi-furnished,16352447
Pune,3869,1,2,2,2,no,no,no,no,yes,furnished,13514328
Nashik,1439,5,2,3,1,yes,no,yes,yes,no,semi-furnished,6669596
Pune,1025,2,3,2,2,no,no,no,yes,no,semi-furnished,5846572
Pune,501,4,3,2,2,yes,yes,yes,no,no,semi-furnished,4415099
Bangalore,874,4,4,1,2,no,no,yes,no,yes,furnished,7271462
Bangalore,2840,2,3,1,1,yes,no,yes,no,no,semi-furnished,13850861
Bangalore,4505,3,3,2,0,no,yes,yes,yes,yes,unfurnished,20708356
Hyderabad,3552,3,1,2,2,yes,yes,no,yes,yes,unfurnished,14217015
Nashik,2865,4,4,1,2,yes,no,yes,yes,no,furnished,9459275
Bangalore,2025,4,2,3,0,yes,no,yes,yes,yes,unfurnished,10778621
Mumbai,4976,1,3,3,2,yes,yes,yes,yes,yes,unfurnished,26919818
Hyderabad,2146,3,2,3,1,yes,yes,yes,yes,no,unfurnished,9488171
Delhi,513,2,2,3,2,yes,no,no,yes,no,furnished,4521206
Mumbai,2778,3,1,3,2,yes,no,yes,yes,no,furnished,16240660
Mumbai,3655,1,3,3,0,yes,yes,no,no,no,unfurnished,19905841
Bangalore,629,4,4,3,2,no,no,no,yes,no,furnished,6583566
Delhi,4314,4,3,3,2,yes,yes,no,yes,no,semi-furnished,22606522
Delhi,3716,1,2,1,1,yes,no,yes,yes,yes,unfurnished,17872639
Hyderabad,3438,2,4,3,0,no,yes,yes,yes,no,furnished,14327055
Delhi,4428,4,3,3,0,yes,yes,yes,no,no,furnished,22430332
Nashik,2540,5,2,3,1,no,no,yes,yes,yes,unfurnished,8547567
Bangalore,527,4,2,2,2,yes,no,no,no,no,furnished,5433858
Delhi,2613,5,1,1,0,no,yes,no,no,yes,unfurnished,14589124
Hyderabad,1752,1,1,1,0,no,no,yes,no,no,furnished,6806344
Nashik,4856,1,1,1,2,yes,no,yes,yes,no,semi-furnished,11142526
Pune,2546,4,2,3,2,no,no,yes,yes,yes,unfurnished,10417400
Pune,4523,3,3,3,0,yes,yes,yes,yes,no,semi-furnished,16223805
Nashik,4896,5,1,2,2,yes,no,yes,no,yes,unfurnished,12672889
Hyderabad,3874,2,3,1,0,yes,no,yes,no,no,furnished,15458920
Nashik,3966,4,1,3,2,yes,yes,yes,no,no,semi-furnished,10427863
Bangalore,3581,2,4,1,2,no,no,no,no,yes,furnished,17252449
Bangalore,4278,4,4,2,1,yes,no,no,yes,no,unfurnished,20057704
Pune,1129,3,1,2,2,no,yes,no,yes,no,unfurnished,5903445
Delhi,769,3,2,2,1,no,yes,no,yes,yes,unfurnished,5602635
Hyderabad,3139,3,1,1,2,yes,no,yes,no,no,unfurnished,13543190
Pune,2493,3,1,3,0,yes,no,yes,no,yes,unfurnished,9119492
Delhi,3391,1,2,3,0,yes,yes,yes,yes,no,semi-furnished,16086384
Delhi,3932,1,4,2,2,yes,yes,yes,yes,yes,unfurnished,19461848
Bangalore,1780,5,3,3,2,no,no,yes,no,no,furnished,10692204
Mumbai,2860,2,1,2,0,yes,no,no,yes,yes,semi-furnished,15571808
Mumbai,1075,4,2,1,2,no,no,yes,yes,yes,furnished,8799159
Nashik,1807,4,1,2,1,yes,yes,no,no,no,unfurnished,6357470
Bangalore,3692,1,2,1,1,yes,no,yes,no,no,furnished,15880067
Delhi,3678,4,3,2,1,yes,yes,no,no,yes,semi-furnished,19229563
Hyderabad,3234,1,3,3,1,yes,yes,yes,yes,no,semi-furnished,13078390
Mumbai,2712,5,4,3,1,no,yes,no,no,yes,semi-furnished,17049779
Delhi,2852,2,2,2,2,no,no,yes,yes,no,furnished,15022649
Mumbai,4068,5,2,3,2,yes,no,yes,yes,no,semi-furnished,24277243
Mumbai,2155,3,4,3,1,no,no,yes,no,yes,furnished,13274704
Mumbai,2079,3,4,3,2,no,yes,yes,yes,yes,unfurnished,13256757
Hyderabad,2703,3,2,1,2,yes,no,no,no,no,unfurnished,12376089
Bangalore,1890,5,4,3,1,yes,yes,yes,no,no,furnished,11070234
Hyderabad,2242,4,3,1,2,no,yes,no,yes,no,semi-furnished,10970831
Pune,2425,2,1,2,2,no,yes,yes,yes,no,furnished,8511491
Delhi,1119,3,3,3,2,no,yes,no,no,no,furnished,8086409
Bangalore,1774,3,4,3,1,no,yes,yes,no,yes,furnished,10354547
Bangalore,1456,3,2,3,2,yes,yes,yes,no,no,unfurnished,8728367
Bangalore,2439,2,2,2,0,yes,no,no,no,no,furnished,11201922
Bangalore,4453,3,3,1,0,no,yes,yes,no,yes,unfurnished,20634285
Hyderabad,2881,2,2,1,1,yes,no,yes,no,yes,furnished,11403948
Bangalore,1468,3,4,3,0,no,yes,no,yes,yes,unfurnished,8576393
Nashik,1816,5,3,2,1,no,no,yes,yes,no,furnished,7045694
Delhi,1543,5,2,2,0,yes,no,no,yes,yes,furnished,10117082
Bangalore,781,2,1,2,0,no,no,yes,yes,yes,semi-furnished,4207590
Delhi,3344,5,1,2,0,no,no,no,no,yes,semi-furnished,17686723
Nashik,1558,2,4,2,1,yes,yes,no,yes,yes,furnished,5756749
Nashik,4793,5,2,1,1,yes,yes,no,yes,no,furnished,13287111
Delhi,3032,5,4,1,2,no,yes,no,no,no,furnished,17329615
Mumbai,4328,2,3,1,1,no,yes,yes,yes,no,furnished,23257101
Pune,1508,4,1,3,0,yes,no,yes,no,yes,semi-furnished,7307682
Mumbai,1729,5,3,2,0,no,no,no,no,yes,unfurnished,11835160
Mumbai,1535,3,2,3,1,no,no,yes,no,yes,furnished,10149292
Hyderabad,775,4,4,2,1,yes,yes,yes,no,yes,semi-furnished,6050369
Mumbai,3240,2,4,1,1,yes,no,yes,no,yes,furnished,18714769
Bangalore,2789,4,4,3,2,yes,yes,no,yes,yes,furnished,14833090
Hyderabad,1739,1,3,1,0,yes,no,yes,yes,no,unfurnished,7780481
Hyderabad,625,1,1,2,2,yes,no,yes,yes,no,furnished,3097505
Nashik,4565,5,3,2,2,yes,no,no,no,yes,furnished,13110722
Mumbai,4812,5,3,2,0,no,no,yes,yes,no,unfurnished,27532130
Nashik,4368,3,2,1,0,no,no,no,yes,yes,unfurnished,10382539
Delhi,1708,4,2,2,1,yes,yes,no,yes,yes,unfurnished,10544005
Pune,3749,1,2,1,1,yes,no,no,yes,no,unfurnished,13019100
Hyderabad,1418,5,1,3,2,no,yes,yes,no,yes,semi-furnished,8433569
Delhi,4423,4,1,2,1,no,yes,yes,yes,no,semi-furnished,22319732
Delhi,4903,5,2,2,1,no,yes,no,no,yes,semi-furnished,25049772
Bangalore,2469,5,2,2,0,yes,yes,no,no,yes,furnished,12949484
Pune,3293,1,1,3,0,yes,yes,no,yes,no,unfurnished,10632503
Delhi,1391,1,4,2,1,no,yes,no,no,yes,unfurnished,7774542
Delhi,4970,5,1,1,0,yes,yes,no,no,yes,semi-furnished,24792922
Pune,2533,2,1,1,1,yes,yes,no,no,yes,furnished,8691447
Pune,1864,5,1,2,0,yes,no,yes,no,no,furnished,8237546
Delhi,628,5,2,2,0,no,no,no,no,yes,furnished,5730751
Pune,1514,3,4,3,0,no,yes,no,no,yes,semi-furnished,6900693
Delhi,2299,3,1,3,0,yes,yes,no,no,yes,furnished,11658323
Delhi,2018,3,2,3,1,yes,yes,yes,yes,no,furnished,10910986
Bangalore,4681,2,3,2,2,yes,no,yes,yes,no,furnished,21169970
Mumbai,1698,2,3,3,0,yes,no,yes,no,no,unfurnished,10478613
Delhi,4373,5,1,3,1,yes,yes,yes,no,no,semi-furnished,22688619
Nashik,2974,3,3,1,1,no,yes,no,yes,no,unfurnished,8438069
Hyderabad,3985,2,4,3,0,yes,no,yes,yes,yes,unfurnished,15897976
Mumbai,4549,1,3,1,2,yes,no,no,yes,no,semi-furnished,24102771
Mumbai,4219,5,3,1,0,yes,yes,no,yes,no,unfurnished,24049973
Mumbai,802,4,4,3,1,no,yes,no,no,yes,furnished,7580050
Bangalore,4452,5,1,1,2,no,yes,no,no,no,furnished,21333539
Delhi,1486,4,1,2,1,yes,yes,no,yes,yes,furnished,9269176
Bangalore,2363,3,4,2,0,no,no,no,yes,no,furnished,12187244
Delhi,4940,4,4,3,2,no,no,yes,yes,yes,semi-furnished,25416839
Bangalore,3572,3,4,2,1,no,yes,yes,yes,yes,unfurnished,17661731
Bangalore,3624,1,3,1,1,no,yes,yes,no,no,unfurnished,15763605
Hyderabad,1827,4,4,2,1,no,yes,yes,yes,no,furnished,9811254
Nashik,2908,5,2,3,0,no,no,yes,yes,yes,furnished,9389738
Bangalore,4173,3,3,3,2,yes,yes,no,yes,yes,unfurnished,19093131
Hyderabad,3791,5,1,1,0,no,yes,yes,no,yes,semi-furnished,15898238
Pune,4533,2,1,3,0,no,yes,yes,no,yes,unfurnished,15111261
Nashik,1203,3,1,2,0,yes,no,yes,no,yes,furnished,4241807
Bangalore,1074,4,3,3,2,yes,yes,no,yes,yes,furnished,7782475
Mumbai,3732,3,2,1,0,yes,no,no,yes,yes,semi-furnished,21243770
Pune,3132,5,4,3,0,yes,yes,no,yes,no,unfurnished,12597832
Pune,4328,1,4,2,0,no,yes,yes,no,yes,semi-furnished,15142872
Hyderabad,3730,3,1,1,0,no,yes,yes,no,no,semi-furnished,14836641
Pune,988,4,1,2,1,no,no,yes,yes,no,furnished,5602210
Nashik,1847,2,3,1,0,no,yes,yes,yes,yes,unfurnished,5199474
Bangalore,4181,1,2,3,1,yes,yes,yes,no,yes,furnished,18118003
Bangalore,3673,2,4,1,0,no,no,no,yes,no,unfurnished,17250267
Mumbai,2167,3,3,1,2,no,no,yes,yes,yes,furnished,13732654
Hyderabad,2137,5,4,3,1,yes,no,no,yes,yes,furnished,10917070
Mumbai,4614,5,1,2,1,no,yes,yes,no,no,unfurnished,26051193
Pune,4053,4,4,3,1,no,no,no,yes,no,unfurnished,15720975
Mumbai,1500,5,2,1,1,no,yes,no,yes,no,furnished,11289802
Nashik,1350,1,2,3,2,no,no,no,yes,yes,unfurnished,3738311
Bangalore,1888,5,1,1,0,yes,no,no,yes,yes,furnished,10204389
Pune,4212,4,2,3,1,yes,no,yes,no,no,unfurnished,15563475
Mumbai,1867,3,2,3,2,yes,yes,yes,no,yes,furnished,12144866
Hyderabad,1321,3,3,2,1,yes,yes,yes,no,no,furnished,6810379
Nashik,954,5,4,1,0,yes,yes,no,yes,yes,furnished,5648027
Nashik,2124,2,1,2,1,no,yes,yes,no,no,semi-furnished,5314202
Mumbai,3272,3,1,1,2,no,yes,yes,yes,yes,unfurnished,18158580
Bangalore,4226,5,1,3,0,yes,yes,yes,no,no,furnished,19952779
Mumbai,3647,4,1,1,2,yes,yes,yes,yes,yes,semi-furnished,20514599
Pune,4589,5,1,2,0,yes,yes,no,no,yes,furnished,16756009
Mumbai,2690,3,2,2,0,no,yes,no,no,no,semi-furnished,15805724
Nashik,1416,4,3,2,0,yes,no,yes,no,yes,furnished,6196949
Mumbai,4486,5,1,1,1,no,no,yes,yes,yes,furnished,25571058
Bangalore,3375,1,3,2,2,no,yes,yes,yes,no,semi-furnished,15101614
Hyderabad,1940,4,3,2,2,no,yes,no,yes,yes,semi-furnished,9927109
Delhi,4900,1,2,2,2,no,yes,no,no,yes,unfurnished,23437476
Mumbai,1235,2,1,3,0,yes,yes,no,yes,yes,unfurnished,7678981
Bangalore,4068,4,2,3,1,no,no,yes,yes,no,semi-furnished,18963825
Bangalore,3838,1,1,1,0,no,no,no,yes,no,unfurnished,16602430
Hyderabad,3515,3,2,1,2,yes,yes,no,yes,no,semi-furnished,15087839
Nashik,3389,3,3,2,1,no,no,no,yes,no,unfurnished,9516588
Bangalore,1461,2,1,3,1,no,no,no,yes,no,furnished,7144141
Bangalore,3489,4,4,2,1,no,yes,no,no,yes,unfurnished,17047012
Bangalore,4348,4,3,2,2,yes,yes,yes,no,yes,furnished,20888084
Bangalore,1526,4,4,3,1,no,yes,yes,yes,no,furnished,9888237
Pune,4365,2,3,3,1,no,yes,yes,no,yes,unfurnished,14857776
Pune,3363,4,2,3,0,yes,no,yes,no,yes,semi-furnished,12573346
Nashik,3001,3,1,1,0,yes,yes,no,yes,yes,furnished,7723607
Mumbai,2447,1,3,1,1,no,no,yes,yes,yes,furnished,14315795
Bangalore,1677,3,2,2,1,no,yes,yes,no,no,unfurnished,9274230
Hyderabad,511,3,1,1,0,yes,no,yes,yes,no,semi-furnished,3091026
Mumbai,4899,1,1,3,0,no,yes,no,no,yes,semi-furnished,25737190
Hyderabad,3864,3,3,3,0,yes,yes,yes,no,yes,unfurnished,16283771
Mumbai,3522,2,1,1,2,no,no,no,no,no,semi-furnished,19078718
Nashik,3871,1,3,2,2,yes,no,no,yes,yes,unfurnished,9312877
Bangalore,3330,3,1,2,0,no,no,no,no,yes,unfurnished,14932434
Bangalore,542,5,4,1,1,yes,yes,yes,yes,yes,unfurnished,5902937
Delhi,1443,3,2,2,0,yes,no,no,yes,no,furnished,8129551
Hyderabad,2890,2,4,2,2,yes,no,yes,yes,no,furnished,12230909
Mumbai,3045,4,3,2,1,yes,no,yes,yes,yes,furnished,18307898
Mumbai,2911,3,4,3,2,yes,no,yes,yes,yes,unfurnished,17232338
Pune,1504,4,3,3,1,no,no,no,no,yes,furnished,7971864
Delhi,520,5,1,1,2,no,no,no,yes,yes,furnished,5560551
Pune,906,3,1,3,1,yes,no,yes,yes,yes,furnished,4508277
Pune,1514,1,3,2,1,no,no,no,yes,yes,unfurnished,6348931
Pune,4931,4,4,3,1,no,no,no,yes,no,unfurnished,18296350
Hyderabad,2338,5,1,1,1,no,yes,no,yes,no,unfurnished,10864980
Hyderabad,3688,1,2,3,2,no,yes,yes,no,yes,furnished,14312494
Nashik,1214,1,1,2,2,no,no,no,yes,no,semi-furnished,3501690
Nashik,4646,1,2,2,1,no,yes,no,yes,yes,furnished,10667746
Pune,4354,1,4,1,1,yes,yes,yes,no,yes,furnished,15443769
Delhi,4919,3,2,3,2,no,no,no,yes,no,unfurnished,25109786
Mumbai,640,3,2,3,1,no,no,yes,no,no,unfurnished,5841847
Hyderabad,1463,3,2,3,1,no,no,no,no,yes,furnished,7666947
Delhi,872,5,2,2,1,yes,no,no,no,yes,furnished,7564592
Bangalore,4135,5,1,1,0,no,no,no,no,no,semi-furnished,19156543
Hyderabad,3041,5,2,3,1,no,no,no,yes,no,semi-furnished,14255230
Hyderabad,4110,2,1,2,0,no,yes,no,yes,yes,unfurnished,15416946
Nashik,2192,5,2,2,1,yes,no,no,no,yes,semi-furnished,7861551
Mumbai,605,3,3,2,2,no,yes,yes,no,yes,semi-furnished,5775180
Mumbai,2181,3,4,3,0,yes,no,no,yes,no,unfurnished,13269164
Bangalore,4597,2,2,3,0,no,no,no,no,yes,semi-furnished,19577407
Bangalore,4516,2,3,3,1,yes,yes,no,no,no,furnished,19870329
Hyderabad,3136,5,2,3,1,yes,no,yes,no,yes,semi-furnished,14273165
Pune,2637,4,2,3,0,yes,no,yes,yes,no,unfurnished,10597801
Nashik,3916,2,2,3,2,no,yes,yes,no,no,furnished,10169529
Nashik,4945,1,3,3,2,yes,no,no,yes,no,semi-furnished,12137783
Hyderabad,4030,3,4,3,1,yes,yes,no,yes,no,furnished,17174764
Delhi,1786,1,3,3,2,yes,no,yes,yes,yes,furnished,9800238
Pune,3679,3,4,2,2,yes,no,yes,no,no,semi-furnished,14196486
Hyderabad,4154,3,2,3,1,no,yes,yes,no,no,semi-furnished,16564295
Pune,2859,2,1,1,2,no,no,no,yes,no,unfurnished,10613429
Pune,944,2,2,2,1,no,yes,yes,yes,yes,unfurnished,5128196
Pune,535,1,4,3,0,no,yes,no,yes,yes,furnished,3723071
Hyderabad,1975,3,3,1,1,yes,yes,no,no,yes,unfurnished,9991036
Nashik,4457,1,2,3,0,no,no,no,no,yes,furnished,10302611
Nashik,2298,4,3,1,0,yes,no,yes,yes,yes,furnished,6998019
Pune,2345,1,3,1,2,no,yes,no,yes,yes,unfurnished,8940743
Delhi,1908,5,3,1,2,no,no,yes,no,no,unfurnished,12626599
Mumbai,2208,1,2,1,2,no,no,yes,yes,no,unfurnished,12189776
Hyderabad,3438,5,3,2,1,yes,no,yes,no,no,semi-furnished,15282102
Mumbai,1800,5,3,2,2,no,yes,yes,no,yes,furnished,12689027
Delhi,1743,5,2,1,0,no,no,no,yes,no,furnished,11299377
Hyderabad,4476,4,3,3,2,no,yes,no,yes,no,furnished,19325983
Pune,3597,1,2,1,2,yes,no,no,no,yes,unfurnished,11794420
Nashik,509,1,4,2,1,no,no,no,no,no,unfurnished,3264307
Mumbai,2925,4,4,3,1,no,yes,yes,no,yes,unfurnished,17703725
Bangalore,2160,3,4,2,0,yes,no,yes,no,no,unfurnished,11381028
Bangalore,3131,2,3,2,1,yes,yes,yes,no,yes,unfurnished,14451407
Delhi,1572,1,1,3,2,no,no,yes,yes,yes,semi-furnished,8404077
Pune,3725,2,1,1,1,no,yes,no,no,yes,unfurnished,13157063
Mumbai,1816,4,3,1,0,no,no,yes,no,no,furnished,12023753
Pune,4645,3,1,1,2,yes,no,no,no,no,unfurnished,16079648
Mumbai,4183,3,2,1,0,yes,no,yes,yes,yes,furnished,23043419
Delhi,3773,3,1,3,1,yes,yes,yes,yes,yes,unfurnished,19013440
Delhi,645,4,3,3,1,no,yes,yes,no,no,unfurnished,5960689
Bangalore,3540,5,3,3,0,yes,yes,yes,no,no,furnished,17802403
Pune,1962,5,2,2,2,no,no,no,yes,yes,furnished,9850651
Hyderabad,2084,2,4,3,1,yes,yes,no,yes,no,furnished,9503815
Bangalore,982,5,3,1,1,yes,yes,no,yes,no,furnished,7273289
Pune,3679,5,2,2,2,yes,yes,no,yes,no,semi-furnished,14126342
Bangalore,1749,3,1,1,1,no,yes,yes,no,yes,furnished,8777315
Hyderabad,1130,3,1,1,0,no,yes,yes,yes,yes,unfurnished,5472201
Nashik,1161,2,2,3,1,no,yes,no,no,no,unfurnished,3881820
Nashik,4003,1,2,3,1,no,yes,no,no,yes,semi-furnished,8992764
Nashik,3352,2,3,1,2,yes,yes,yes,yes,no,furnished,8562541
Nashik,2966,2,1,1,0,no,yes,yes,yes,no,unfurnished,6741470
Mumbai,1487,4,2,2,2,yes,yes,no,yes,yes,semi-furnished,10651704
Nashik,2046,4,1,3,1,no,no,no,yes,yes,unfurnished,6660596
Hyderabad,1149,2,2,2,1,no,no,no,no,yes,semi-furnished,6289643
Delhi,1468,2,1,2,2,yes,yes,yes,no,no,semi-furnished,8744830
Delhi,3137,2,4,2,2,yes,no,no,no,no,furnished,16352169
Mumbai,1600,5,3,1,2,no,no,no,yes,yes,semi-furnished,11927128
Nashik,940,4,1,2,0,no,yes,no,no,yes,unfurnished,3841860
Nashik,1269,2,4,2,1,yes,yes,no,yes,yes,unfurnished,5420524
Nashik,1843,3,1,1,2,yes,yes,no,no,no,furnished,5435477
Bangalore,4858,3,1,3,1,yes,no,yes,yes,no,furnished,21564549
Pune,4229,5,4,3,0,yes,yes,no,no,no,semi-furnished,16513754
Bangalore,4406,5,1,2,0,yes,no,yes,no,yes,furnished,20219215
Pune,2077,1,1,1,0,no,yes,no,yes,yes,unfurnished,6994819
Nashik,4508,1,3,3,0,no,no,no,no,no,unfurnished,10371139
Nashik,3851,1,4,2,1,no,no,no,no,yes,furnished,9172560
Bangalore,2849,5,4,2,0,no,yes,yes,yes,yes,furnished,15586755
Bangalore,4102,5,2,1,0,yes,yes,yes,yes,yes,furnished,19787680
Pune,1741,5,1,2,2,yes,no,yes,yes,yes,semi-furnished,8708566
Delhi,1625,3,3,3,0,yes,no,no,yes,no,semi-furnished,9663208
Pune,3101,5,1,1,2,no,yes,no,yes,yes,unfurnished,12427986
Bangalore,1690,3,1,3,0,yes,yes,yes,no,no,semi-furnished,8398906
Hyderabad,4631,1,2,3,0,yes,no,yes,yes,no,semi-furnished,16974971
Bangalore,4948,1,1,3,2,no,yes,no,no,yes,semi-furnished,21006295
Hyderabad,572,1,3,2,0,no,no,yes,no,no,semi-furnished,3898452
Mumbai,2414,2,3,2,1,no,yes,no,yes,no,unfurnished,13914413
Bangalore,2972,2,2,3,1,yes,yes,yes,no,yes,furnished,13376511
Mumbai,3546,4,1,3,0,yes,yes,yes,no,no,unfurnished,20491919
Delhi,1207,4,3,1,1,no,no,yes,yes,no,semi-furnished,8961573
Pune,2304,4,1,1,2,no,yes,no,no,no,furnished,9638657
Hyderabad,4213,2,1,2,0,yes,no,no,yes,no,furnished,15917607
Pune,3064,2,1,2,0,no,yes,yes,yes,no,furnished,10220629
Mumbai,2975,4,2,1,2,yes,no,no,yes,no,unfurnished,18161960
Hyderabad,4110,4,1,3,2,no,no,no,no,no,furnished,16693806
Pune,4755,5,3,2,2,no,yes,no,no,no,unfurnished,17726386
Bangalore,3323,4,1,3,0,no,no,no,no,yes,unfurnished,15719267
Nashik,2235,5,3,1,2,yes,no,yes,no,yes,semi-furnished,8705551
Mumbai,2085,3,1,2,2,yes,no,no,yes,yes,semi-furnished,12931180
Pune,566,2,3,2,1,no,no,no,no,no,furnished,3333109
Mumbai,3561,4,3,1,1,yes,yes,yes,yes,no,furnished,20943207
Mumbai,2928,2,1,2,0,no,yes,no,no,no,semi-furnished,15749642
Hyderabad,4653,2,1,1,1,no,yes,no,no,yes,unfurnished,17603452
Hyderabad,841,2,3,2,1,yes,no,no,no,yes,unfurnished,5279652
Nashik,3274,3,4,1,2,yes,no,yes,no,yes,semi-furnished,9742729
Bangalore,3317,1,2,2,2,yes,yes,yes,no,no,unfurnished,14643987
Mumbai,3161,4,4,3,1,yes,yes,no,yes,yes,semi-furnished,19211775
Pune,1732,1,4,3,1,no,no,no,no,yes,semi-furnished,6932564
Delhi,4374,1,1,3,1,yes,yes,yes,no,no,furnished,20605122
Mumbai,2901,1,2,2,0,yes,yes,yes,no,yes,furnished,15474591
Mumbai,1994,2,4,2,0,no,no,yes,no,no,semi-furnished,12134702
Nashik,4711,5,1,3,0,no,yes,no,yes,yes,furnished,11788896
Bangalore,1161,2,4,3,1,no,no,no,no,no,semi-furnished,6647431
Delhi,4383,2,4,1,1,no,yes,yes,yes,no,unfurnished,22038662
Hyderabad,4119,1,1,1,0,yes,no,no,no,no,unfurnished,15287808
Hyderabad,2368,2,1,1,0,yes,no,no,yes,no,unfurnished,9293338
Pune,2834,1,1,3,1,no,no,no,yes,no,unfurnished,9518915
Delhi,3874,5,2,3,2,no,no,no,yes,yes,semi-furnished,21241593
Hyderabad,1516,4,4,3,0,yes,no,no,yes,no,unfurnished,8033738
Pune,4906,1,1,1,1,yes,yes,no,yes,no,unfurnished,15877285
Bangalore,707,5,3,2,1,yes,yes,no,no,no,unfurnished,6329679
Pune,3165,4,4,3,2,yes,yes,yes,yes,no,unfurnished,12652153
Hyderabad,2993,3,3,2,1,yes,no,yes,no,yes,semi-furnished,13313808
Nashik,1132,1,2,2,1,no,yes,yes,yes,no,unfurnished,3125009
Nashik,2602,1,1,2,0,no,no,yes,yes,yes,furnished,6378370
Nashik,3459,3,3,1,0,no,no,yes,no,no,furnished,9703978
Hyderabad,3583,3,2,2,2,no,yes,yes,yes,no,furnished,15024969
Nashik,2431,1,1,3,2,yes,no,yes,yes,yes,furnished,6258912
Delhi,4219,3,3,1,1,no,yes,yes,yes,yes,furnished,21403915
Bangalore,3062,2,3,3,0,yes,no,yes,yes,yes,furnished,14444229
Pune,2179,4,2,3,2,yes,no,no,no,no,semi-furnished,9385274
Pune,736,4,1,1,2,yes,yes,no,yes,yes,furnished,4479942
Hyderabad,4943,4,1,3,2,yes,no,yes,yes,no,unfurnished,19618565
Nashik,2040,2,3,3,1,yes,yes,no,no,yes,furnished,5956109
Nashik,4443,3,3,1,0,yes,no,no,no,yes,semi-furnished,11061877
Mumbai,863,5,3,3,2,yes,yes,yes,yes,no,furnished,8061439
Bangalore,2868,3,1,2,0,no,no,yes,yes,yes,unfurnished,13161326
Delhi,785,1,2,3,2,yes,yes,yes,no,yes,unfurnished,5052290
Pune,648,4,2,2,2,no,yes,no,yes,no,semi-furnished,5126286
Mumbai,4537,3,1,3,0,no,no,no,no,no,semi-furnished,24669143
Mumbai,2266,5,4,1,0,yes,yes,yes,yes,no,semi-furnished,15137648
Hyderabad,1512,1,2,1,0,yes,no,no,no,yes,semi-furnished,6059466
Pune,3331,2,3,3,1,no,no,no,no,yes,furnished,11963522
Hyderabad,3007,2,4,1,2,no,yes,no,no,yes,furnished,13344656
Delhi,2023,5,4,3,1,no,yes,yes,yes,yes,unfurnished,12793931
Mumbai,3285,1,2,1,0,no,yes,no,yes,yes,semi-furnished,17107104
Mumbai,3056,4,4,2,2,yes,yes,no,yes,no,semi-furnished,19065796
Bangalore,4225,3,4,3,1,yes,yes,no,yes,yes,furnished,19649060
Delhi,2101,1,2,2,2,yes,no,no,no,no,semi-furnished,11200192
Mumbai,2908,2,2,2,1,no,yes,no,no,yes,unfurnished,16306783
Delhi,840,5,4,3,0,yes,no,no,no,no,unfurnished,7460699
Pune,3317,5,3,2,1,no,yes,no,yes,yes,semi-furnished,13840620
Nashik,2996,3,1,3,2,yes,yes,yes,yes,yes,unfurnished,8307493
Mumbai,2225,5,4,2,2,no,yes,yes,yes,no,unfurnished,14957321
Bangalore,2189,5,4,3,2,yes,no,no,no,yes,furnished,13239781
Pune,3767,1,3,3,2,yes,yes,yes,yes,no,unfurnished,12738837
Delhi,4906,4,4,1,0,no,no,no,yes,yes,semi-furnished,25221842
Hyderabad,761,3,4,3,1,no,no,no,no,yes,semi-furnished,5807567
Pune,1942,1,1,3,0,no,no,no,no,no,unfurnished,6267879
Mumbai,905,4,1,2,0,no,yes,yes,yes,yes,semi-furnished,6335204
Delhi,2690,1,1,3,0,no,no,no,no,no,furnished,13152962
Nashik,4937,1,2,1,2,yes,yes,no,yes,yes,unfurnished,11587304
Pune,743,5,2,2,2,no,no,yes,no,yes,unfurnished,6057552
Mumbai,4607,4,1,2,2,yes,yes,yes,no,yes,unfurnished,25337903
Bangalore,1060,3,1,1,1,yes,no,no,no,yes,semi-furnished,6155874
Hyderabad,4637,3,2,2,2,yes,yes,yes,yes,yes,semi-furnished,19053013
Delhi,3225,4,3,2,1,yes,yes,yes,yes,yes,unfurnished,17893475
Pune,1093,5,4,2,2,yes,yes,no,yes,yes,semi-furnished,7438274
Pune,2326,2,4,2,2,no,no,no,no,no,semi-furnished,9943754
Nashik,3729,1,1,1,0,no,no,no,no,yes,unfurnished,8639251
Nashik,3787,5,3,1,0,yes,yes,yes,no,yes,unfurnished,11390447
Bangalore,4573,4,2,2,0,yes,no,yes,no,yes,semi-furnished,20966592
Hyderabad,633,1,1,2,1,no,no,yes,yes,no,unfurnished,3567524
Bangalore,3638,3,3,1,1,no,no,no,yes,no,unfurnished,16972692
Mumbai,4419,2,3,1,2,yes,no,yes,yes,yes,unfurnished,24255591
Mumbai,572,3,3,1,1,no,no,yes,no,yes,unfurnished,5524274
Bangalore,4994,4,2,2,2,no,no,no,no,yes,semi-furnished,22812239
Hyderabad,4725,1,2,2,1,no,no,no,yes,no,unfurnished,17429094
Bangalore,3478,4,4,3,1,yes,yes,no,no,yes,furnished,17162425
Hyderabad,4861,1,4,1,1,no,yes,yes,yes,no,unfurnished,19003939
Hyderabad,2485,5,3,2,0,yes,no,no,no,yes,furnished,12457530
Delhi,1292,2,3,1,1,yes,yes,yes,no,no,unfurnished,8228646
Hyderabad,4759,5,2,2,0,yes,yes,yes,yes,no,furnished,20081677
Nashik,594,5,4,1,0,yes,yes,no,yes,yes,furnished,4890939
Hyderabad,1633,4,3,2,1,yes,no,no,no,yes,unfurnished,8489120
Hyderabad,737,2,4,3,2,no,no,no,yes,yes,unfurnished,4821253
Hyderabad,3446,1,4,3,2,yes,no,no,yes,yes,unfurnished,13799056
Mumbai,3030,1,3,1,2,yes,no,no,no,yes,furnished,16608651
Nashik,2460,3,2,2,1,yes,no,yes,no,yes,semi-furnished,7597242
Nashik,1548,1,3,2,2,no,yes,yes,no,yes,semi-furnished,4630347
Bangalore,3029,4,3,1,0,no,no,yes,yes,no,unfurnished,15226293
Delhi,3464,5,4,2,2,no,yes,no,no,yes,semi-furnished,19608615
Hyderabad,1463,5,3,1,1,no,no,yes,no,yes,semi-furnished,8907341
Pune,1036,5,2,2,2,no,yes,no,no,no,unfurnished,6108944
Delhi,4723,2,3,1,0,no,no,no,no,yes,furnished,23271781
Delhi,4179,1,2,2,1,no,no,yes,no,yes,unfurnished,19876758
Nashik,4687,4,2,1,2,yes,no,yes,yes,yes,semi-furnished,12700278
Delhi,4224,2,4,2,1,yes,no,no,no,yes,furnished,21647026
Hyderabad,1042,3,1,3,1,no,no,yes,no,no,semi-furnished,5355920
Hyderabad,1345,4,1,2,1,yes,no,no,yes,no,furnished,6964305
Mumbai,4103,4,4,1,2,yes,yes,yes,no,yes,semi-furnished,23909740
Hyderabad,3536,4,3,3,1,no,no,yes,no,yes,unfurnished,15604375
Hyderabad,2994,5,4,2,2,yes,yes,yes,yes,no,semi-furnished,15071791
Nashik,4985,4,2,3,0,yes,no,yes,no,yes,semi-furnished,12863339
Hyderabad,3219,1,1,2,2,no,yes,yes,yes,no,furnished,12221535
Mumbai,2384,4,4,3,0,yes,yes,no,no,no,semi-furnished,14779186
Pune,4638,5,3,1,2,no,yes,yes,yes,no,unfurnished,18025441
Nashik,4849,4,4,2,1,no,yes,yes,yes,yes,unfurnished,12944990
Pune,3701,3,1,2,2,yes,yes,yes,no,yes,unfurnished,13639673
Nashik,3210,3,4,1,1,yes,yes,no,yes,yes,furnished,9511085
Bangalore,2453,5,4,3,0,yes,no,no,yes,no,furnished,13817428
Delhi,4350,1,1,1,2,no,yes,no,no,yes,semi-furnished,20674263
Bangalore,1189,1,2,1,1,no,no,no,no,yes,semi-furnished,5846911
Hyderabad,2450,2,2,3,0,no,no,no,yes,no,semi-furnished,9953491
Pune,956,5,1,1,0,yes,yes,yes,no,yes,furnished,5270063
Hyderabad,2630,4,4,2,2,yes,yes,yes,yes,yes,furnished,12853390
Delhi,4476,5,1,2,0,no,no,yes,yes,yes,semi-furnished,22970551
Nashik,4744,2,2,2,1,yes,yes,no,no,no,furnished,11158729
Delhi,1679,5,3,1,0,yes,yes,no,no,yes,furnished,10522938
Mumbai,4785,5,4,2,0,no,yes,yes,yes,no,unfurnished,27221359
Delhi,4065,2,2,2,1,no,yes,no,no,no,unfurnished,20016256
Mumbai,1382,1,4,2,0,yes,yes,no,no,no,semi-furnished,8764539
Delhi,899,4,1,2,0,no,yes,no,yes,yes,semi-furnished,6339587
Mumbai,1108,2,3,2,0,yes,yes,yes,yes,yes,unfurnished,7408942
Pune,2138,3,1,2,0,no,no,yes,yes,yes,furnished,8170985
Hyderabad,2648,1,3,1,1,no,yes,no,yes,no,semi-furnished,11064203
Hyderabad,1882,3,4,2,0,no,no,no,yes,no,semi-furnished,8814690
Bangalore,1903,1,4,2,1,yes,no,no,yes,yes,semi-furnished,9539282
Hyderabad,1319,4,1,3,0,yes,no,no,no,no,furnished,6520033
Nashik,3792,4,3,1,0,no,no,yes,yes,yes,unfurnished,10051546
Delhi,1319,5,3,1,0,no,yes,no,no,yes,semi-furnished,9236093
Bangalore,919,3,4,1,0,no,no,yes,no,yes,unfurnished,6216716
Nashik,4719,1,1,1,1,yes,no,yes,yes,yes,unfurnished,10488755
Nashik,3802,4,3,2,1,no,no,yes,no,yes,furnished,10974878
Mumbai,2008,2,4,2,1,no,no,no,yes,yes,furnished,12595408
Hyderabad,1267,4,2,3,2,no,no,yes,no,yes,furnished,7102550
Pune,2544,2,1,3,0,no,yes,yes,yes,no,furnished,8941082
Pune,2639,1,2,1,0,yes,yes,no,yes,yes,furnished,9030672
Bangalore,3529,4,1,3,1,yes,no,no,yes,no,furnished,16950038
Pune,2049,4,4,3,2,no,yes,no,yes,no,semi-furnished,10246078
Delhi,2264,1,3,1,0,yes,yes,yes,no,yes,unfurnished,11972544
Pune,3145,4,3,1,1,yes,no,no,no,no,furnished,12632702
Bangalore,4216,2,3,3,0,yes,no,yes,no,no,semi-furnished,19143577
Pune,4981,4,1,2,0,no,no,yes,no,no,unfurnished,17447582
Delhi,2793,3,4,3,1,yes,yes,no,no,yes,furnished,15540903
Mumbai,3208,5,2,3,1,yes,no,yes,yes,yes,furnished,19716038
Bangalore,1400,2,4,2,0,yes,yes,yes,yes,yes,semi-furnished,7864935
Mumbai,3584,3,2,2,0,no,yes,yes,yes,yes,unfurnished,19574607
Mumbai,2509,1,1,1,1,no,yes,yes,yes,yes,furnished,13495626
Mumbai,741,2,1,1,0,yes,no,no,yes,no,unfurnished,4526996
Nashik,2885,5,2,3,0,yes,yes,yes,no,no,semi-furnished,9342425
Hyderabad,4768,5,2,2,1,no,no,no,yes,yes,furnished,19571697
Nashik,1171,1,2,1,0,no,no,yes,yes,no,unfurnished,3250166
Hyderabad,663,1,4,3,0,yes,no,yes,no,no,semi-furnished,4347080
Mumbai,964,2,2,2,2,yes,no,no,no,no,semi-furnished,6912052
Bangalore,3542,4,1,3,1,no,no,yes,yes,no,furnished,17046333
Hyderabad,2942,1,1,1,2,no,yes,yes,yes,yes,unfurnished,11349868
Delhi,2855,4,3,1,2,yes,yes,yes,no,yes,furnished,16558698
Delhi,4778,3,2,2,2,no,yes,yes,yes,yes,furnished,23740190
Pune,3057,5,4,3,0,yes,yes,yes,yes,no,unfurnished,12379888
Hyderabad,1045,4,4,2,0,yes,yes,yes,yes,no,unfurnished,7101526
Bangalore,4335,5,4,1,2,yes,no,no,no,yes,unfurnished,21896663
Nashik,1093,4,3,1,2,no,no,no,yes,yes,semi-furnished,5421413
Mumbai,4304,3,1,3,2,yes,yes,no,yes,no,semi-furnished,23441432
Pune,1959,1,4,3,0,yes,yes,yes,no,yes,unfurnished,7438085
Delhi,3993,3,1,3,2,no,yes,yes,no,yes,semi-furnished,20610478
Nashik,3101,1,3,2,2,no,no,yes,no,no,furnished,7781477
Nashik,2944,1,2,3,1,yes,no,no,yes,no,unfurnished,7189616
Mumbai,3172,5,2,3,1,yes,no,yes,no,yes,furnished,19220643
Hyderabad,4700,3,2,1,0,no,yes,no,yes,no,unfurnished,18280487
Delhi,516,4,4,1,1,no,yes,yes,no,yes,furnished,5875974
Bangalore,3691,3,2,3,1,no,yes,yes,yes,no,unfurnished,17031119
Nashik,892,5,4,3,1,yes,yes,yes,no,no,furnished,6167762
Mumbai,924,1,3,1,0,yes,no,no,yes,yes,unfurnished,6206505
Bangalore,1071,5,3,3,1,yes,yes,yes,yes,no,unfurnished,8157890
Hyderabad,4131,2,4,2,0,no,yes,no,no,yes,semi-furnished,16407934
Delhi,1620,2,1,2,2,yes,yes,yes,no,no,furnished,9379602
Hyderabad,741,4,2,2,1,no,no,yes,yes,yes,semi-furnished,5231319
Nashik,4397,5,2,3,0,yes,no,no,no,no,furnished,11574926
Bangalore,4595,4,2,1,1,no,yes,yes,yes,no,semi-furnished,21271952
Bangalore,2779,4,4,3,2,yes,no,yes,no,yes,unfurnished,14716638
Bangalore,1288,2,3,3,0,yes,no,yes,no,no,semi-furnished,7162441
Nashik,1214,4,2,1,0,no,no,yes,yes,yes,semi-furnished,5145904
Nashik,3349,2,3,1,0,no,no,no,no,no,unfurnished,8919717
Hyderabad,1275,1,2,1,2,yes,no,no,no,no,semi-furnished,5718849
Pune,4526,5,2,2,2,no,yes,yes,yes,yes,unfurnished,16988749
Hyderabad,2747,4,4,3,2,no,yes,yes,yes,no,furnished,13664628
Delhi,578,2,1,1,0,yes,yes,no,no,no,semi-furnished,3972284
Mumbai,4426,3,4,3,2,no,no,yes,yes,yes,unfurnished,25039091
Bangalore,1355,4,2,2,1,yes,no,no,no,no,unfurnished,8141172
Pune,2648,1,2,2,2,yes,no,yes,no,yes,semi-furnished,9781462
Mumbai,1531,1,1,1,0,no,no,no,yes,yes,furnished,8406813
Pune,3771,3,3,1,1,no,yes,no,yes,yes,semi-furnished,14241875
Hyderabad,4076,2,3,3,2,yes,yes,no,yes,no,unfurnished,16718632
Nashik,4682,4,2,1,1,yes,yes,no,yes,no,furnished,11893685
Bangalore,3956,2,3,3,1,yes,yes,yes,yes,yes,semi-furnished,17751608
Hyderabad,4006,1,2,1,0,yes,yes,yes,yes,no,unfurnished,15273307
Mumbai,907,2,1,3,1,yes,yes,no,no,yes,semi-furnished,5670024
Mumbai,3211,1,1,3,1,yes,no,no,no,no,furnished,17529384
Mumbai,3588,2,2,3,0,no,no,no,yes,yes,furnished,19223273
Mumbai,2168,3,1,3,0,no,yes,no,no,yes,furnished,12784742
Mumbai,647,5,4,2,0,no,no,yes,no,no,furnished,6559444
Pune,4827,3,4,3,1,yes,yes,no,no,yes,furnished,17255319
Hyderabad,4397,3,1,1,1,no,yes,no,no,yes,semi-furnished,17194104
Bangalore,2450,5,2,2,1,yes,no,no,yes,no,furnished,12753868
Nashik,865,5,2,2,0,yes,yes,no,no,yes,furnished,4492818
Nashik,2174,4,1,3,2,no,yes,no,no,yes,unfurnished,7028001
Hyderabad,4994,4,3,2,1,yes,yes,no,yes,no,furnished,20079015
Hyderabad,3046,3,4,3,2,yes,no,no,yes,yes,unfurnished,14097189
Nashik,1062,3,3,1,0,yes,no,yes,yes,yes,unfurnished,4181029
Nashik,4062,1,2,3,1,yes,no,no,yes,yes,unfurnished,9529829
Pune,2989,1,2,2,2,yes,no,no,no,yes,semi-furnished,10512580
Delhi,1272,4,3,1,1,yes,yes,no,yes,yes,semi-furnished,8708838
Bangalore,2537,4,1,3,1,no,no,yes,no,yes,unfurnished,12310948
Mumbai,3923,1,3,1,1,yes,no,yes,no,yes,semi-furnished,21431087
Delhi,3067,1,3,1,2,yes,no,yes,yes,yes,furnished,15148546
Hyderabad,2073,2,4,2,0,yes,yes,no,yes,no,semi-furnished,9494605
Nashik,4194,2,4,1,1,yes,no,no,yes,yes,furnished,10297759
Delhi,3791,1,3,2,0,no,no,no,yes,yes,furnished,18139004
Bangalore,1746,2,3,1,0,no,yes,yes,yes,no,semi-furnished,8652556
Hyderabad,4219,5,2,3,2,yes,yes,no,yes,yes,semi-furnished,18217473
Mumbai,4339,4,4,1,2,yes,yes,yes,no,yes,unfurnished,25077648
Mumbai,859,4,4,3,0,yes,yes,yes,no,yes,semi-furnished,7365644
Bangalore,2876,1,2,3,1,no,no,yes,no,yes,semi-furnished,12574651
Bangalore,3509,3,1,1,2,no,yes,yes,no,yes,semi-furnished,15757050
Nashik,3493,1,4,3,1,no,no,yes,yes,yes,furnished,8784036
Mumbai,1462,2,4,1,1,no,no,no,yes,no,furnished,10135339
Hyderabad,4132,3,1,1,1,yes,no,no,no,no,furnished,16448383
Delhi,2327,2,4,3,0,no,no,yes,no,no,unfurnished,12271653
Hyderabad,2113,5,4,3,1,no,no,no,no,no,unfurnished,11595519
Pune,2140,2,1,2,0,yes,yes,no,yes,no,unfurnished,7451329
Pune,2716,5,1,3,0,yes,no,yes,yes,yes,furnished,11030020
Bangalore,4812,5,3,2,1,no,no,yes,yes,yes,semi-furnished,22924209
Nashik,877,2,2,3,1,no,no,no,no,yes,unfurnished,3492715
Pune,4714,2,2,1,1,no,yes,no,no,yes,unfurnished,16084022
Mumbai,4785,5,1,3,1,no,no,no,yes,yes,furnished,27341536
Hyderabad,869,3,1,1,0,yes,no,no,yes,no,unfurnished,4479412
Hyderabad,2696,5,4,1,1,yes,yes,yes,no,no,semi-furnished,13332586
Bangalore,4247,4,3,1,1,no,no,no,no,yes,furnished,20570581
Delhi,1151,5,3,2,0,no,no,yes,yes,yes,furnished,8635228
Bangalore,1269,3,1,3,2,no,yes,yes,no,yes,semi-furnished,7335471
Delhi,2921,4,4,1,2,no,no,no,yes,no,semi-furnished,17127104
Bangalore,1280,1,4,1,0,no,no,no,yes,no,semi-furnished,6977749
Bangalore,2216,1,2,2,2,yes,no,no,no,yes,unfurnished,10836580
Bangalore,4483,3,2,3,0,yes,no,yes,no,no,semi-furnished,20170803
Delhi,1811,5,4,3,1,yes,no,yes,no,yes,furnished,11934827
Delhi,3859,2,2,2,1,no,yes,yes,yes,no,semi-furnished,18993943
Bangalore,1022,3,1,2,2,no,yes,yes,no,no,furnished,6532821
Pune,1021,4,4,3,1,yes,yes,no,no,yes,furnished,6602791
Nashik,2820,4,2,2,2,yes,no,yes,yes,no,unfurnished,8179023
Nashik,1435,1,3,3,2,no,no,yes,yes,no,semi-furnished,4351101
Nashik,2730,4,4,3,1,yes,no,no,no,yes,unfurnished,8662085
Delhi,4540,3,4,1,1,no,yes,yes,yes,no,semi-furnished,23277166
Delhi,4197,4,3,1,2,no,no,yes,yes,yes,semi-furnished,22594609
Pune,3337,3,1,3,1,yes,no,no,yes,no,semi-furnished,12253319
Nashik,4583,2,3,3,0,yes,no,yes,no,yes,semi-furnished,10642054
Nashik,2961,1,4,3,1,yes,yes,yes,no,yes,semi-furnished,7649507
Bangalore,3743,4,1,3,1,no,yes,yes,yes,no,furnished,17473772
Delhi,3859,3,2,3,0,no,no,yes,yes,no,furnished,19551530
Nashik,1185,5,2,3,1,yes,no,no,yes,yes,semi-furnished,5661112
Hyderabad,2660,1,2,2,1,no,no,yes,no,no,furnished,10679503
Pune,4488,2,4,3,2,no,yes,no,yes,no,unfurnished,16398289
Hyderabad,4566,3,3,2,1,no,yes,yes,yes,no,unfurnished,18922908
Hyderabad,2067,2,1,2,1,yes,yes,no,no,yes,unfurnished,8393745
Pune,538,2,2,3,0,no,no,no,yes,yes,semi-furnished,3116611
Hyderabad,3044,4,1,3,2,yes,yes,no,no,yes,semi-furnished,13700200
Nashik,1756,4,4,2,2,yes,no,yes,no,no,furnished,6853443
Delhi,3490,3,2,2,2,no,no,yes,no,no,furnished,18182959
Pune,2696,5,4,3,1,yes,yes,yes,yes,yes,furnished,11591591
Bangalore,3968,3,3,3,2,no,no,no,yes,yes,unfurnished,18421045
Hyderabad,3208,5,4,2,0,yes,yes,yes,no,no,unfurnished,14998517
Pune,801,2,4,2,2,yes,no,yes,yes,no,unfurnished,5447143
Mumbai,1146,1,3,2,0,no,no,yes,no,no,unfurnished,7528138
Mumbai,2259,3,1,1,2,yes,yes,yes,yes,no,furnished,13057583
Delhi,4851,3,3,2,2,yes,no,no,no,yes,semi-furnished,24385431
Nashik,1097,5,3,1,0,yes,no,no,no,no,semi-furnished,5253996
Delhi,1161,2,4,3,2,no,no,yes,yes,no,unfurnished,7974799

